,task,ns_seq_ind,rep,w1
0,coffee-button-v2,0,0,0.08012385578505123
0,coffee-button-v2,0,1,0.08012385581001372
0,coffee-button-v2,0,2,0.08012385579913647
0,coffee-button-v2,0,3,0.08012385579674007
0,coffee-button-v2,0,4,0.08012385837989722
0,coffee-button-v2,0,5,0.08012385580483034
0,coffee-button-v2,0,6,0.08012385578771296
0,coffee-button-v2,0,7,0.08012385579728197
0,coffee-button-v2,0,8,0.08012385579242816
0,coffee-button-v2,0,9,0.08012385579853346
0,coffee-button-v2,5000,0,0.23092412563266984
0,coffee-button-v2,5000,1,0.2299286730336044
0,coffee-button-v2,5000,2,0.23035258112618892
0,coffee-button-v2,5000,3,0.23045375618111777
0,coffee-button-v2,5000,4,0.23044816152726538
0,coffee-button-v2,5000,5,0.2303133345414872
0,coffee-button-v2,5000,6,0.22972912469454643
0,coffee-button-v2,5000,7,0.23017229211971943
0,coffee-button-v2,5000,8,0.23067115339073832
0,coffee-button-v2,5000,9,0.22988942698598933
0,coffee-button-v2,10000,0,0.4329312371313165
0,coffee-button-v2,10000,1,0.43114005267496286
0,coffee-button-v2,10000,2,0.43201709896975093
0,coffee-button-v2,10000,3,0.43250217802905117
0,coffee-button-v2,10000,4,0.4323010210888147
0,coffee-button-v2,10000,5,0.4319222522483192
0,coffee-button-v2,10000,6,0.43056807325180346
0,coffee-button-v2,10000,7,0.43251505947816044
0,coffee-button-v2,10000,8,0.43358513280565025
0,coffee-button-v2,10000,9,0.43134924115314094
0,coffee-button-v2,15000,0,0.6289155082438077
0,coffee-button-v2,15000,1,0.6282835900658119
0,coffee-button-v2,15000,2,0.6307964955213451
0,coffee-button-v2,15000,3,0.6304243634041646
0,coffee-button-v2,15000,4,0.6306505050448086
0,coffee-button-v2,15000,5,0.630575359792754
0,coffee-button-v2,15000,6,0.6290519252167516
0,coffee-button-v2,15000,7,0.6299136074375975
0,coffee-button-v2,15000,8,0.6305631375695214
0,coffee-button-v2,15000,9,0.6303478857183692
0,coffee-button-v2,20000,0,0.7987844790154507
0,coffee-button-v2,20000,1,0.7997569229865743
0,coffee-button-v2,20000,2,0.8003261713987624
0,coffee-button-v2,20000,3,0.7999587147379636
0,coffee-button-v2,20000,4,0.7997049791813968
0,coffee-button-v2,20000,5,0.800464255573384
0,coffee-button-v2,20000,6,0.7972301975700863
0,coffee-button-v2,20000,7,0.7976507274690149
0,coffee-button-v2,20000,8,0.8000794660828158
0,coffee-button-v2,20000,9,0.7997968280104111
0,coffee-button-v2,25000,0,0.9946229334421013
0,coffee-button-v2,25000,1,0.995240123122373
0,coffee-button-v2,25000,2,0.9936551825058443
0,coffee-button-v2,25000,3,0.9961676878864764
0,coffee-button-v2,25000,4,0.9946037161152311
0,coffee-button-v2,25000,5,0.9940074840127918
0,coffee-button-v2,25000,6,0.9915657026489073
0,coffee-button-v2,25000,7,0.9954427494286825
0,coffee-button-v2,25000,8,0.9963178752675566
0,coffee-button-v2,25000,9,0.9951679858241561
0,coffee-button-v2,30000,0,1.1981604679594648
0,coffee-button-v2,30000,1,1.1942805973401247
0,coffee-button-v2,30000,2,1.195133270197779
0,coffee-button-v2,30000,3,1.1975312256050943
0,coffee-button-v2,30000,4,1.196090663592918
0,coffee-button-v2,30000,5,1.1941716443298678
0,coffee-button-v2,30000,6,1.192344864441369
0,coffee-button-v2,30000,7,1.1928549464235727
0,coffee-button-v2,30000,8,1.196740710034735
0,coffee-button-v2,30000,9,1.1961011315044963
0,coffee-button-v2,35000,0,1.3862527029386684
0,coffee-button-v2,35000,1,1.3849644913076167
0,coffee-button-v2,35000,2,1.386470306156695
0,coffee-button-v2,35000,3,1.3867332094708555
0,coffee-button-v2,35000,4,1.3841499854598631
0,coffee-button-v2,35000,5,1.3861967045082502
0,coffee-button-v2,35000,6,1.3785318332273304
0,coffee-button-v2,35000,7,1.3806695459526588
0,coffee-button-v2,35000,8,1.3845483850813898
0,coffee-button-v2,35000,9,1.381329596075307
0,coffee-button-v2,40000,0,1.5867361964820554
0,coffee-button-v2,40000,1,1.5867092694700846
0,coffee-button-v2,40000,2,1.5889178069419956
0,coffee-button-v2,40000,3,1.5924202225786035
0,coffee-button-v2,40000,4,1.590557659309796
0,coffee-button-v2,40000,5,1.5878077200463547
0,coffee-button-v2,40000,6,1.5811729676900401
0,coffee-button-v2,40000,7,1.5835171887651327
0,coffee-button-v2,40000,8,1.5946258765104897
0,coffee-button-v2,40000,9,1.5845648692607228
0,coffee-button-v2,45000,0,1.7955647787978857
0,coffee-button-v2,45000,1,1.7943617823098954
0,coffee-button-v2,45000,2,1.8009766259605258
0,coffee-button-v2,45000,3,1.8000328326644317
0,coffee-button-v2,45000,4,1.7986787553958672
0,coffee-button-v2,45000,5,1.7981636319380538
0,coffee-button-v2,45000,6,1.7976464751508199
0,coffee-button-v2,45000,7,1.7973826151647385
0,coffee-button-v2,45000,8,1.7948242661613483
0,coffee-button-v2,45000,9,1.7923511867106734
0,coffee-button-v2,50000,0,1.9886776984010524
0,coffee-button-v2,50000,1,1.9924148202936083
0,coffee-button-v2,50000,2,1.989430505458103
0,coffee-button-v2,50000,3,1.9908002867517087
0,coffee-button-v2,50000,4,1.9893677657534967
0,coffee-button-v2,50000,5,1.9898723933152243
0,coffee-button-v2,50000,6,1.985526030174576
0,coffee-button-v2,50000,7,1.9798905801240778
0,coffee-button-v2,50000,8,1.9918076020539162
0,coffee-button-v2,50000,9,1.9925453929342072
0,coffee-button-v2,55000,0,2.1731116811227826
0,coffee-button-v2,55000,1,2.1756380330495757
0,coffee-button-v2,55000,2,2.1779125925847653
0,coffee-button-v2,55000,3,2.175436580575109
0,coffee-button-v2,55000,4,2.169631236345439
0,coffee-button-v2,55000,5,2.1737462656529325
0,coffee-button-v2,55000,6,2.1687131571307803
0,coffee-button-v2,55000,7,2.1796788610878233
0,coffee-button-v2,55000,8,2.182456215478558
0,coffee-button-v2,55000,9,2.1709498294428538
0,coffee-button-v2,60000,0,2.3839727272900597
0,coffee-button-v2,60000,1,2.377052117500143
0,coffee-button-v2,60000,2,2.384557198187123
0,coffee-button-v2,60000,3,2.3897611057636023
0,coffee-button-v2,60000,4,2.3830817594191194
0,coffee-button-v2,60000,5,2.378171950709817
0,coffee-button-v2,60000,6,2.3852189264045007
0,coffee-button-v2,60000,7,2.374086433635443
0,coffee-button-v2,60000,8,2.3840457272673197
0,coffee-button-v2,60000,9,2.380823530280524
0,coffee-button-v2,65000,0,2.5564667625835296
0,coffee-button-v2,65000,1,2.557258793546936
0,coffee-button-v2,65000,2,2.565767282166092
0,coffee-button-v2,65000,3,2.564937563945633
0,coffee-button-v2,65000,4,2.5499707260325835
0,coffee-button-v2,65000,5,2.55842728139071
0,coffee-button-v2,65000,6,2.55057621667217
0,coffee-button-v2,65000,7,2.556990859397007
0,coffee-button-v2,65000,8,2.5609296888490474
0,coffee-button-v2,65000,9,2.547598746756711
0,coffee-button-v2,70000,0,2.7443244821694694
0,coffee-button-v2,70000,1,2.7476382541999236
0,coffee-button-v2,70000,2,2.7499727109697276
0,coffee-button-v2,70000,3,2.756230123948964
0,coffee-button-v2,70000,4,2.7474392657060243
0,coffee-button-v2,70000,5,2.740737012099114
0,coffee-button-v2,70000,6,2.743177410729146
0,coffee-button-v2,70000,7,2.741058051705441
0,coffee-button-v2,70000,8,2.764133513889569
0,coffee-button-v2,70000,9,2.74793384768172
0,coffee-button-v2,75000,0,2.949113199052975
0,coffee-button-v2,75000,1,2.9506035212673694
0,coffee-button-v2,75000,2,2.9509028970793167
0,coffee-button-v2,75000,3,2.946574128558054
0,coffee-button-v2,75000,4,2.942280576280667
0,coffee-button-v2,75000,5,2.954971964196524
0,coffee-button-v2,75000,6,2.9569913132343735
0,coffee-button-v2,75000,7,2.9506396785832485
0,coffee-button-v2,75000,8,2.9461834819177763
0,coffee-button-v2,75000,9,2.9406337535826004
0,coffee-button-v2,80000,0,3.1404277266807195
0,coffee-button-v2,80000,1,3.142404112311705
0,coffee-button-v2,80000,2,3.1371873629210714
0,coffee-button-v2,80000,3,3.1402270231923617
0,coffee-button-v2,80000,4,3.147899178715033
0,coffee-button-v2,80000,5,3.1407281009878636
0,coffee-button-v2,80000,6,3.150264774825721
0,coffee-button-v2,80000,7,3.1296608241715327
0,coffee-button-v2,80000,8,3.1456913570538028
0,coffee-button-v2,80000,9,3.1424797744051793
0,coffee-button-v2,85000,0,3.317435089007788
0,coffee-button-v2,85000,1,3.320163833710391
0,coffee-button-v2,85000,2,3.329787507563669
0,coffee-button-v2,85000,3,3.31628371825476
0,coffee-button-v2,85000,4,3.3169039111327687
0,coffee-button-v2,85000,5,3.319555400018702
0,coffee-button-v2,85000,6,3.3125319856613125
0,coffee-button-v2,85000,7,3.3234971257656403
0,coffee-button-v2,85000,8,3.3272024420463504
0,coffee-button-v2,85000,9,3.307313292724072
0,coffee-button-v2,90000,0,3.5113048532188116
0,coffee-button-v2,90000,1,3.5035240643646914
0,coffee-button-v2,90000,2,3.5119563720477966
0,coffee-button-v2,90000,3,3.5220852870037267
0,coffee-button-v2,90000,4,3.518695032212581
0,coffee-button-v2,90000,5,3.5102989990018147
0,coffee-button-v2,90000,6,3.514649510411978
0,coffee-button-v2,90000,7,3.5051562066696476
0,coffee-button-v2,90000,8,3.5147593878736663
0,coffee-button-v2,90000,9,3.4995813936211877
0,coffee-button-v2,95000,0,3.6628797762309713
0,coffee-button-v2,95000,1,3.66768791016566
0,coffee-button-v2,95000,2,3.6765864800215438
0,coffee-button-v2,95000,3,3.666944303974541
0,coffee-button-v2,95000,4,3.6666856512199537
0,coffee-button-v2,95000,5,3.6703326626034913
0,coffee-button-v2,95000,6,3.6648823630448866
0,coffee-button-v2,95000,7,3.669398341379832
0,coffee-button-v2,95000,8,3.6634777953764175
0,coffee-button-v2,95000,9,3.6620984522774753
0,coffee-button-v2,100000,0,3.858317943277057
0,coffee-button-v2,100000,1,3.864854842205334
0,coffee-button-v2,100000,2,3.8726089987792602
0,coffee-button-v2,100000,3,3.8754374652199095
0,coffee-button-v2,100000,4,3.867182863784355
0,coffee-button-v2,100000,5,3.86594650938582
0,coffee-button-v2,100000,6,3.8621546889965424
0,coffee-button-v2,100000,7,3.8655475736450065
0,coffee-button-v2,100000,8,3.880172002975171
0,coffee-button-v2,100000,9,3.86622417083518
0,dial-turn-v2,0,0,0.15119969294786043
0,dial-turn-v2,0,1,0.18666346853426435
0,dial-turn-v2,0,2,0.18557535810631298
0,dial-turn-v2,0,3,0.1708934237086822
0,dial-turn-v2,0,4,0.17422738408870886
0,dial-turn-v2,0,5,0.13926311085104628
0,dial-turn-v2,0,6,0.15334811101851506
0,dial-turn-v2,0,7,0.13968100576574236
0,dial-turn-v2,0,8,0.14530731197529656
0,dial-turn-v2,0,9,0.14171910681752856
0,dial-turn-v2,5000,0,0.28246182022575866
0,dial-turn-v2,5000,1,0.4227764006508166
0,dial-turn-v2,5000,2,0.3185950868412887
0,dial-turn-v2,5000,3,0.2833810658213073
0,dial-turn-v2,5000,4,0.39389546318126956
0,dial-turn-v2,5000,5,0.37551895887442904
0,dial-turn-v2,5000,6,0.3205028726914608
0,dial-turn-v2,5000,7,0.3771305426509462
0,dial-turn-v2,5000,8,0.2885713270941987
0,dial-turn-v2,5000,9,0.44799115382911436
0,dial-turn-v2,10000,0,0.43244393912966594
0,dial-turn-v2,10000,1,0.45572834519129407
0,dial-turn-v2,10000,2,0.43245444498595853
0,dial-turn-v2,10000,3,0.56053511361428
0,dial-turn-v2,10000,4,0.5049945871267749
0,dial-turn-v2,10000,5,0.614084001923097
0,dial-turn-v2,10000,6,0.5090412830250569
0,dial-turn-v2,10000,7,0.5321688853065718
0,dial-turn-v2,10000,8,0.5392128073173934
0,dial-turn-v2,10000,9,0.43183589479866724
0,dial-turn-v2,15000,0,0.6862431630058964
0,dial-turn-v2,15000,1,0.6884354982845267
0,dial-turn-v2,15000,2,0.6605186637213173
0,dial-turn-v2,15000,3,0.7270338533489566
0,dial-turn-v2,15000,4,0.7296881583378358
0,dial-turn-v2,15000,5,0.6419052794690963
0,dial-turn-v2,15000,6,0.6747144893640447
0,dial-turn-v2,15000,7,0.7476300594261454
0,dial-turn-v2,15000,8,0.7145430963451014
0,dial-turn-v2,15000,9,0.6224293361250591
0,dial-turn-v2,20000,0,0.824612013590495
0,dial-turn-v2,20000,1,0.7995616844261939
0,dial-turn-v2,20000,2,0.8180493022170635
0,dial-turn-v2,20000,3,0.8233901557196562
0,dial-turn-v2,20000,4,0.8258339724356395
0,dial-turn-v2,20000,5,0.8308054693857787
0,dial-turn-v2,20000,6,0.8307463478633021
0,dial-turn-v2,20000,7,0.9523748983378562
0,dial-turn-v2,20000,8,0.9275187268990035
0,dial-turn-v2,20000,9,0.8239651158194564
0,dial-turn-v2,25000,0,1.013012477472128
0,dial-turn-v2,25000,1,1.1344229796391174
0,dial-turn-v2,25000,2,1.115096755635261
0,dial-turn-v2,25000,3,1.124302720389831
0,dial-turn-v2,25000,4,1.0812077198239565
0,dial-turn-v2,25000,5,1.1342692832591434
0,dial-turn-v2,25000,6,1.0385659525703743
0,dial-turn-v2,25000,7,1.0574004942237067
0,dial-turn-v2,25000,8,1.0898929016151722
0,dial-turn-v2,25000,9,1.078549002239035
0,dial-turn-v2,30000,0,1.214863316466102
0,dial-turn-v2,30000,1,1.2520915616705988
0,dial-turn-v2,30000,2,1.204846558775483
0,dial-turn-v2,30000,3,1.2386007863025421
0,dial-turn-v2,30000,4,1.224951214738504
0,dial-turn-v2,30000,5,1.22727922218959
0,dial-turn-v2,30000,6,1.2067591240456046
0,dial-turn-v2,30000,7,1.2339541420566014
0,dial-turn-v2,30000,8,1.2749764987237306
0,dial-turn-v2,30000,9,1.2285556980963295
0,dial-turn-v2,35000,0,1.411825982835116
0,dial-turn-v2,35000,1,1.4016563738067405
0,dial-turn-v2,35000,2,1.4359605544507243
0,dial-turn-v2,35000,3,1.593808272092298
0,dial-turn-v2,35000,4,1.5131003239423513
0,dial-turn-v2,35000,5,1.4210151767110375
0,dial-turn-v2,35000,6,1.4593958665093718
0,dial-turn-v2,35000,7,1.4102065026331057
0,dial-turn-v2,35000,8,1.5810879798011306
0,dial-turn-v2,35000,9,1.4067331550730617
0,dial-turn-v2,40000,0,1.5936836914531038
0,dial-turn-v2,40000,1,1.601053517720947
0,dial-turn-v2,40000,2,1.616866202148133
0,dial-turn-v2,40000,3,1.6369778710157554
0,dial-turn-v2,40000,4,1.5966701446099973
0,dial-turn-v2,40000,5,1.629191850527221
0,dial-turn-v2,40000,6,1.5978495725684314
0,dial-turn-v2,40000,7,1.6328454416170681
0,dial-turn-v2,40000,8,1.5964927621442975
0,dial-turn-v2,40000,9,1.6055905428248656
0,dial-turn-v2,45000,0,1.841677738156314
0,dial-turn-v2,45000,1,1.847607691428799
0,dial-turn-v2,45000,2,1.8359693327309508
0,dial-turn-v2,45000,3,1.8616155640014065
0,dial-turn-v2,45000,4,1.8611001102940279
0,dial-turn-v2,45000,5,1.8242604037493504
0,dial-turn-v2,45000,6,1.8379351492972684
0,dial-turn-v2,45000,7,1.8690655131073601
0,dial-turn-v2,45000,8,1.8664963561389587
0,dial-turn-v2,45000,9,1.8137084922616782
0,dial-turn-v2,50000,0,2.01432775807554
0,dial-turn-v2,50000,1,1.997692068676247
0,dial-turn-v2,50000,2,2.0129266672459267
0,dial-turn-v2,50000,3,2.013041084578707
0,dial-turn-v2,50000,4,2.0133323519252873
0,dial-turn-v2,50000,5,2.0177156621036763
0,dial-turn-v2,50000,6,2.0152948139500126
0,dial-turn-v2,50000,7,2.072802484055749
0,dial-turn-v2,50000,8,2.06858879162634
0,dial-turn-v2,50000,9,2.0112360696321416
0,dial-turn-v2,55000,0,2.190071438483251
0,dial-turn-v2,55000,1,2.255657888823752
0,dial-turn-v2,55000,2,2.2508447754951852
0,dial-turn-v2,55000,3,2.2484513537936652
0,dial-turn-v2,55000,4,2.225545164669679
0,dial-turn-v2,55000,5,2.2540234786205318
0,dial-turn-v2,55000,6,2.20037399226329
0,dial-turn-v2,55000,7,2.212293756726197
0,dial-turn-v2,55000,8,2.2267587396823862
0,dial-turn-v2,55000,9,2.220410649259039
0,dial-turn-v2,60000,0,2.381496750024552
0,dial-turn-v2,60000,1,2.4092573567258064
0,dial-turn-v2,60000,2,2.3852637216865515
0,dial-turn-v2,60000,3,2.397918930157613
0,dial-turn-v2,60000,4,2.3898617612209954
0,dial-turn-v2,60000,5,2.4023046112102846
0,dial-turn-v2,60000,6,2.3829226990981915
0,dial-turn-v2,60000,7,2.39506150595911
0,dial-turn-v2,60000,8,2.418008757979123
0,dial-turn-v2,60000,9,2.394636051396717
0,dial-turn-v2,65000,0,2.5618381484651285
0,dial-turn-v2,65000,1,2.56369469719633
0,dial-turn-v2,65000,2,2.584339534139607
0,dial-turn-v2,65000,3,2.6725880338760515
0,dial-turn-v2,65000,4,2.627577999329918
0,dial-turn-v2,65000,5,2.571541980769394
0,dial-turn-v2,65000,6,2.5981277292388856
0,dial-turn-v2,65000,7,2.562726104305983
0,dial-turn-v2,65000,8,2.6743287406184675
0,dial-turn-v2,65000,9,2.560668408864102
0,dial-turn-v2,70000,0,2.7390624707905693
0,dial-turn-v2,70000,1,2.746600314071104
0,dial-turn-v2,70000,2,2.763579320502995
0,dial-turn-v2,70000,3,2.7712403453636503
0,dial-turn-v2,70000,4,2.750205129596524
0,dial-turn-v2,70000,5,2.7605906882700326
0,dial-turn-v2,70000,6,2.7450990897576633
0,dial-turn-v2,70000,7,2.7714743932370403
0,dial-turn-v2,70000,8,2.743871973778849
0,dial-turn-v2,70000,9,2.754473062266453
0,dial-turn-v2,75000,0,2.972730912447931
0,dial-turn-v2,75000,1,2.9778648296890275
0,dial-turn-v2,75000,2,2.973833859646081
0,dial-turn-v2,75000,3,2.995496745162897
0,dial-turn-v2,75000,4,2.984260930846866
0,dial-turn-v2,75000,5,2.969429962369966
0,dial-turn-v2,75000,6,2.9768055079025015
0,dial-turn-v2,75000,7,2.991535127362286
0,dial-turn-v2,75000,8,2.9848607097138933
0,dial-turn-v2,75000,9,2.9607127440307313
0,dial-turn-v2,80000,0,3.1491138276877457
0,dial-turn-v2,80000,1,3.140133586779178
0,dial-turn-v2,80000,2,3.1485666206965184
0,dial-turn-v2,80000,3,3.151872692602882
0,dial-turn-v2,80000,4,3.1466158675926432
0,dial-turn-v2,80000,5,3.1531974789767205
0,dial-turn-v2,80000,6,3.1530603300644278
0,dial-turn-v2,80000,7,3.190842833087917
0,dial-turn-v2,80000,8,3.1855475321952014
0,dial-turn-v2,80000,9,3.1507362646063086
0,dial-turn-v2,85000,0,3.3166356641753514
0,dial-turn-v2,85000,1,3.368600837962494
0,dial-turn-v2,85000,2,3.3680188095786234
0,dial-turn-v2,85000,3,3.358503591198907
0,dial-turn-v2,85000,4,3.3389949537830215
0,dial-turn-v2,85000,5,3.364206206821547
0,dial-turn-v2,85000,6,3.3279855415146398
0,dial-turn-v2,85000,7,3.3340063100630766
0,dial-turn-v2,85000,8,3.3470131125828546
0,dial-turn-v2,85000,9,3.343210179025628
0,dial-turn-v2,90000,0,3.4897726618426934
0,dial-turn-v2,90000,1,3.5141194751151392
0,dial-turn-v2,90000,2,3.500861108835156
0,dial-turn-v2,90000,3,3.510514874033971
0,dial-turn-v2,90000,4,3.505221287583358
0,dial-turn-v2,90000,5,3.510530395571049
0,dial-turn-v2,90000,6,3.497716877191813
0,dial-turn-v2,90000,7,3.5053865640459794
0,dial-turn-v2,90000,8,3.519414543499603
0,dial-turn-v2,90000,9,3.5023490178794447
0,dial-turn-v2,95000,0,3.650014956341906
0,dial-turn-v2,95000,1,3.657222709079644
0,dial-turn-v2,95000,2,3.6761003770239666
0,dial-turn-v2,95000,3,3.735564715416288
0,dial-turn-v2,95000,4,3.7044347180893813
0,dial-turn-v2,95000,5,3.6619880149384345
0,dial-turn-v2,95000,6,3.683585359825164
0,dial-turn-v2,95000,7,3.6568355099508163
0,dial-turn-v2,95000,8,3.73950342142048
0,dial-turn-v2,95000,9,3.652022673799699
0,dial-turn-v2,100000,0,3.8391150813456485
0,dial-turn-v2,100000,1,3.843617199434443
0,dial-turn-v2,100000,2,3.8634787033443967
0,dial-turn-v2,100000,3,3.8658744531446816
0,dial-turn-v2,100000,4,3.849222251252266
0,dial-turn-v2,100000,5,3.853203022112913
0,dial-turn-v2,100000,6,3.8380886842717405
0,dial-turn-v2,100000,7,3.8616306721531024
0,dial-turn-v2,100000,8,3.842338483344559
0,dial-turn-v2,100000,9,3.850879177128511
0,door-unlock-v2,0,0,0.07948181542358172
0,door-unlock-v2,0,1,0.07947659944860558
0,door-unlock-v2,0,2,0.07947669960411688
0,door-unlock-v2,0,3,0.07950111666547034
0,door-unlock-v2,0,4,0.0794766515788573
0,door-unlock-v2,0,5,0.07947659960414777
0,door-unlock-v2,0,6,0.07947659948032719
0,door-unlock-v2,0,7,0.07947667097710562
0,door-unlock-v2,0,8,0.07947659940900909
0,door-unlock-v2,0,9,0.07947695696267519
0,door-unlock-v2,5000,0,0.23095574030724086
0,door-unlock-v2,5000,1,0.22999641431177295
0,door-unlock-v2,5000,2,0.23038956498393515
0,door-unlock-v2,5000,3,0.23054995757377458
0,door-unlock-v2,5000,4,0.23063242249686575
0,door-unlock-v2,5000,5,0.23066580016688965
0,door-unlock-v2,5000,6,0.23025175575314913
0,door-unlock-v2,5000,7,0.2307226155352352
0,door-unlock-v2,5000,8,0.23106419710921666
0,door-unlock-v2,5000,9,0.23058693324321825
0,door-unlock-v2,10000,0,0.42671977886824486
0,door-unlock-v2,10000,1,0.42482356852512415
0,door-unlock-v2,10000,2,0.4262175585050766
0,door-unlock-v2,10000,3,0.42628392114655156
0,door-unlock-v2,10000,4,0.42584405197384284
0,door-unlock-v2,10000,5,0.4259827746132246
0,door-unlock-v2,10000,6,0.4249203033662305
0,door-unlock-v2,10000,7,0.4262719117346161
0,door-unlock-v2,10000,8,0.4271043223870854
0,door-unlock-v2,10000,9,0.42568030310265337
0,door-unlock-v2,15000,0,0.6092753789315053
0,door-unlock-v2,15000,1,0.6086267348858667
0,door-unlock-v2,15000,2,0.6097668021807188
0,door-unlock-v2,15000,3,0.609914580761861
0,door-unlock-v2,15000,4,0.6096407246683807
0,door-unlock-v2,15000,5,0.6104097229471034
0,door-unlock-v2,15000,6,0.6084863647691655
0,door-unlock-v2,15000,7,0.6095541308159811
0,door-unlock-v2,15000,8,0.6103082377596952
0,door-unlock-v2,15000,9,0.6098794988011242
0,door-unlock-v2,20000,0,0.8081781526500529
0,door-unlock-v2,20000,1,0.8077129816194077
0,door-unlock-v2,20000,2,0.8091024030618486
0,door-unlock-v2,20000,3,0.808281418159445
0,door-unlock-v2,20000,4,0.8088211976367768
0,door-unlock-v2,20000,5,0.8086494571916357
0,door-unlock-v2,20000,6,0.8067285273575231
0,door-unlock-v2,20000,7,0.8080192537609501
0,door-unlock-v2,20000,8,0.8088731118605839
0,door-unlock-v2,20000,9,0.8082791373234653
0,door-unlock-v2,25000,0,1.0069449237354213
0,door-unlock-v2,25000,1,1.0052674020406134
0,door-unlock-v2,25000,2,1.0073958795177558
0,door-unlock-v2,25000,3,1.0073905254631192
0,door-unlock-v2,25000,4,1.00730165157499
0,door-unlock-v2,25000,5,1.0068494546586693
0,door-unlock-v2,25000,6,1.0042222571675397
0,door-unlock-v2,25000,7,1.006491365466128
0,door-unlock-v2,25000,8,1.00652944359219
0,door-unlock-v2,25000,9,1.0062031634257658
0,door-unlock-v2,30000,0,1.2144278130072292
0,door-unlock-v2,30000,1,1.213707476300584
0,door-unlock-v2,30000,2,1.2149037096336017
0,door-unlock-v2,30000,3,1.2140723716210633
0,door-unlock-v2,30000,4,1.2143341787195092
0,door-unlock-v2,30000,5,1.2159024786800476
0,door-unlock-v2,30000,6,1.2115509209895459
0,door-unlock-v2,30000,7,1.2137071600807785
0,door-unlock-v2,30000,8,1.2150436838520602
0,door-unlock-v2,30000,9,1.2123902362807462
0,door-unlock-v2,35000,0,1.4005250961145779
0,door-unlock-v2,35000,1,1.3988663618955324
0,door-unlock-v2,35000,2,1.4016529806356022
0,door-unlock-v2,35000,3,1.4024124356642031
0,door-unlock-v2,35000,4,1.4027079628966257
0,door-unlock-v2,35000,5,1.4038831661270448
0,door-unlock-v2,35000,6,1.3982110597329895
0,door-unlock-v2,35000,7,1.4010899765299707
0,door-unlock-v2,35000,8,1.4034320820719295
0,door-unlock-v2,35000,9,1.4000897513597008
0,door-unlock-v2,40000,0,1.6031414577131626
0,door-unlock-v2,40000,1,1.6039857341346702
0,door-unlock-v2,40000,2,1.6033244899464318
0,door-unlock-v2,40000,3,1.6021632234727372
0,door-unlock-v2,40000,4,1.6012069631842305
0,door-unlock-v2,40000,5,1.6044987527360428
0,door-unlock-v2,40000,6,1.5992828626072895
0,door-unlock-v2,40000,7,1.5978115448170993
0,door-unlock-v2,40000,8,1.6012440663038185
0,door-unlock-v2,40000,9,1.601612169335483
0,door-unlock-v2,45000,0,1.7948001388316974
0,door-unlock-v2,45000,1,1.7941090147609566
0,door-unlock-v2,45000,2,1.7962650826619335
0,door-unlock-v2,45000,3,1.7976356944042933
0,door-unlock-v2,45000,4,1.7932540886386719
0,door-unlock-v2,45000,5,1.7996957646441925
0,door-unlock-v2,45000,6,1.7939687294586926
0,door-unlock-v2,45000,7,1.7942153634293518
0,door-unlock-v2,45000,8,1.7978863114740844
0,door-unlock-v2,45000,9,1.7938625352592703
0,door-unlock-v2,50000,0,2.0076175074075446
0,door-unlock-v2,50000,1,2.0036632643140684
0,door-unlock-v2,50000,2,2.01123140047802
0,door-unlock-v2,50000,3,2.007505607835317
0,door-unlock-v2,50000,4,2.011117506033067
0,door-unlock-v2,50000,5,2.008181463771488
0,door-unlock-v2,50000,6,2.007101004570017
0,door-unlock-v2,50000,7,2.006640607089235
0,door-unlock-v2,50000,8,2.0122852531233524
0,door-unlock-v2,50000,9,2.003976788548955
0,door-unlock-v2,55000,0,2.176828399243328
0,door-unlock-v2,55000,1,2.1813151021892043
0,door-unlock-v2,55000,2,2.177776226133921
0,door-unlock-v2,55000,3,2.183295685836423
0,door-unlock-v2,55000,4,2.1751355427075474
0,door-unlock-v2,55000,5,2.1798073091661516
0,door-unlock-v2,55000,6,2.177618878467594
0,door-unlock-v2,55000,7,2.1743146637429684
0,door-unlock-v2,55000,8,2.1801258291533467
0,door-unlock-v2,55000,9,2.1769939776245724
0,door-unlock-v2,60000,0,2.405369071950463
0,door-unlock-v2,60000,1,2.402797447218023
0,door-unlock-v2,60000,2,2.4002728018943977
0,door-unlock-v2,60000,3,2.3956243015897765
0,door-unlock-v2,60000,4,2.4037580115352872
0,door-unlock-v2,60000,5,2.40112891958934
0,door-unlock-v2,60000,6,2.4050659896867796
0,door-unlock-v2,60000,7,2.399908818440083
0,door-unlock-v2,60000,8,2.4017141266595288
0,door-unlock-v2,60000,9,2.3982133938232377
0,door-unlock-v2,65000,0,2.5659710798530075
0,door-unlock-v2,65000,1,2.565795375011117
0,door-unlock-v2,65000,2,2.570563786746736
0,door-unlock-v2,65000,3,2.5702362670031085
0,door-unlock-v2,65000,4,2.5664907742158425
0,door-unlock-v2,65000,5,2.5754785551457475
0,door-unlock-v2,65000,6,2.5584192732908497
0,door-unlock-v2,65000,7,2.5685710495771064
0,door-unlock-v2,65000,8,2.572601895005139
0,door-unlock-v2,65000,9,2.568314226956275
0,door-unlock-v2,70000,0,2.753472865646217
0,door-unlock-v2,70000,1,2.75618363802277
0,door-unlock-v2,70000,2,2.7530873925331973
0,door-unlock-v2,70000,3,2.7456600872510304
0,door-unlock-v2,70000,4,2.749692173241367
0,door-unlock-v2,70000,5,2.758572941446525
0,door-unlock-v2,70000,6,2.755460187680121
0,door-unlock-v2,70000,7,2.7445899791428574
0,door-unlock-v2,70000,8,2.755019375526763
0,door-unlock-v2,70000,9,2.753751960800437
0,door-unlock-v2,75000,0,2.936358437562604
0,door-unlock-v2,75000,1,2.9364522681509895
0,door-unlock-v2,75000,2,2.941399665220523
0,door-unlock-v2,75000,3,2.937465833480651
0,door-unlock-v2,75000,4,2.928678700896469
0,door-unlock-v2,75000,5,2.944724517911871
0,door-unlock-v2,75000,6,2.937460156944955
0,door-unlock-v2,75000,7,2.9347697834158932
0,door-unlock-v2,75000,8,2.941153352038729
0,door-unlock-v2,75000,9,2.9280431834930054
0,door-unlock-v2,80000,0,3.1489455600783156
0,door-unlock-v2,80000,1,3.1385840238466227
0,door-unlock-v2,80000,2,3.150523388569086
0,door-unlock-v2,80000,3,3.150887125481183
0,door-unlock-v2,80000,4,3.15216951491521
0,door-unlock-v2,80000,5,3.1514898110246716
0,door-unlock-v2,80000,6,3.148714402496685
0,door-unlock-v2,80000,7,3.146439483920651
0,door-unlock-v2,80000,8,3.1506001885254746
0,door-unlock-v2,80000,9,3.1469497554572694
0,door-unlock-v2,85000,0,3.3069353375158705
0,door-unlock-v2,85000,1,3.3171383014120983
0,door-unlock-v2,85000,2,3.31140256732755
0,door-unlock-v2,85000,3,3.311733588166436
0,door-unlock-v2,85000,4,3.3040453118054334
0,door-unlock-v2,85000,5,3.312922086959966
0,door-unlock-v2,85000,6,3.3084418463388
0,door-unlock-v2,85000,7,3.3036763259265607
0,door-unlock-v2,85000,8,3.3145002653642717
0,door-unlock-v2,85000,9,3.306088528972293
0,door-unlock-v2,90000,0,3.4978912849584383
0,door-unlock-v2,90000,1,3.5065955527833985
0,door-unlock-v2,90000,2,3.5157643368260234
0,door-unlock-v2,90000,3,3.50467651182439
0,door-unlock-v2,90000,4,3.5044720770839763
0,door-unlock-v2,90000,5,3.5093656143008296
0,door-unlock-v2,90000,6,3.505944002436741
0,door-unlock-v2,90000,7,3.502452552595186
0,door-unlock-v2,90000,8,3.508995450029023
0,door-unlock-v2,90000,9,3.4973585309191284
0,door-unlock-v2,95000,0,3.651238041670232
0,door-unlock-v2,95000,1,3.646655212417498
0,door-unlock-v2,95000,2,3.658821516357688
0,door-unlock-v2,95000,3,3.6489440463987353
0,door-unlock-v2,95000,4,3.6580040005495515
0,door-unlock-v2,95000,5,3.647591508741211
0,door-unlock-v2,95000,6,3.6481365257858274
0,door-unlock-v2,95000,7,3.6517300945975637
0,door-unlock-v2,95000,8,3.656623673531303
0,door-unlock-v2,95000,9,3.6535359165834893
0,door-unlock-v2,100000,0,3.839566801628257
0,door-unlock-v2,100000,1,3.8510715992296247
0,door-unlock-v2,100000,2,3.843517755911564
0,door-unlock-v2,100000,3,3.848478548578155
0,door-unlock-v2,100000,4,3.850983666569873
0,door-unlock-v2,100000,5,3.8496083617500165
0,door-unlock-v2,100000,6,3.8497155101230347
0,door-unlock-v2,100000,7,3.836893126441876
0,door-unlock-v2,100000,8,3.8406234637108843
0,door-unlock-v2,100000,9,3.8483833009027975
0,handle-press-side-v2,0,0,0.05761561487206157
0,handle-press-side-v2,0,1,0.057615323427915234
0,handle-press-side-v2,0,2,0.05761524360092629
0,handle-press-side-v2,0,3,0.0576152470140449
0,handle-press-side-v2,0,4,0.05771835400120916
0,handle-press-side-v2,0,5,0.05761524468529946
0,handle-press-side-v2,0,6,0.057615246009521975
0,handle-press-side-v2,0,7,0.05761524393043051
0,handle-press-side-v2,0,8,0.057615243451035435
0,handle-press-side-v2,0,9,0.0576155231264153
0,handle-press-side-v2,5000,0,0.2591155831934146
0,handle-press-side-v2,5000,1,0.2583400921976042
0,handle-press-side-v2,5000,2,0.2587469137673031
0,handle-press-side-v2,5000,3,0.2588389722865348
0,handle-press-side-v2,5000,4,0.25891981969006106
0,handle-press-side-v2,5000,5,0.2589353590156489
0,handle-press-side-v2,5000,6,0.25864703153109153
0,handle-press-side-v2,5000,7,0.25894618781026
0,handle-press-side-v2,5000,8,0.2593059338216417
0,handle-press-side-v2,5000,9,0.2588827785449691
0,handle-press-side-v2,10000,0,0.4330164478490701
0,handle-press-side-v2,10000,1,0.4312442582197683
0,handle-press-side-v2,10000,2,0.4326766750150777
0,handle-press-side-v2,10000,3,0.43260741770747985
0,handle-press-side-v2,10000,4,0.43233822346574063
0,handle-press-side-v2,10000,5,0.43250662144395463
0,handle-press-side-v2,10000,6,0.4314561938937799
0,handle-press-side-v2,10000,7,0.4326934366788572
0,handle-press-side-v2,10000,8,0.4336501279288942
0,handle-press-side-v2,10000,9,0.43203290925816074
0,handle-press-side-v2,15000,0,0.6103916933936882
0,handle-press-side-v2,15000,1,0.6095095842853145
0,handle-press-side-v2,15000,2,0.6110437288510561
0,handle-press-side-v2,15000,3,0.6109302772603528
0,handle-press-side-v2,15000,4,0.61099287600641
0,handle-press-side-v2,15000,5,0.6113940654256962
0,handle-press-side-v2,15000,6,0.6093720900642963
0,handle-press-side-v2,15000,7,0.6107646057422893
0,handle-press-side-v2,15000,8,0.6115829221331923
0,handle-press-side-v2,15000,9,0.610985241131625
0,handle-press-side-v2,20000,0,0.797473462104794
0,handle-press-side-v2,20000,1,0.7965938626703298
0,handle-press-side-v2,20000,2,0.7986289086256485
0,handle-press-side-v2,20000,3,0.7981722873349767
0,handle-press-side-v2,20000,4,0.7980782516055172
0,handle-press-side-v2,20000,5,0.7984629635058239
0,handle-press-side-v2,20000,6,0.7960789073030365
0,handle-press-side-v2,20000,7,0.7968697406763097
0,handle-press-side-v2,20000,8,0.7981723414660163
0,handle-press-side-v2,20000,9,0.7979560034778017
0,handle-press-side-v2,25000,0,1.0208402104913175
0,handle-press-side-v2,25000,1,1.0193230135135223
0,handle-press-side-v2,25000,2,1.0205646399538997
0,handle-press-side-v2,25000,3,1.0210672757781531
0,handle-press-side-v2,25000,4,1.0218546961361075
0,handle-press-side-v2,25000,5,1.0217616714228797
0,handle-press-side-v2,25000,6,1.018555706546174
0,handle-press-side-v2,25000,7,1.02003003715791
0,handle-press-side-v2,25000,8,1.0214796921485059
0,handle-press-side-v2,25000,9,1.0209327827621961
0,handle-press-side-v2,30000,0,1.2103199746210602
0,handle-press-side-v2,30000,1,1.2096711644263511
0,handle-press-side-v2,30000,2,1.2100713832424217
0,handle-press-side-v2,30000,3,1.210310176222032
0,handle-press-side-v2,30000,4,1.2107384047744112
0,handle-press-side-v2,30000,5,1.211618669114337
0,handle-press-side-v2,30000,6,1.2071502330198307
0,handle-press-side-v2,30000,7,1.2099051659101554
0,handle-press-side-v2,30000,8,1.2112350016418914
0,handle-press-side-v2,30000,9,1.2085361524926956
0,handle-press-side-v2,35000,0,1.3969633474122176
0,handle-press-side-v2,35000,1,1.3978561403712577
0,handle-press-side-v2,35000,2,1.3964792702748057
0,handle-press-side-v2,35000,3,1.3983596168929069
0,handle-press-side-v2,35000,4,1.3990770569031177
0,handle-press-side-v2,35000,5,1.3987644662223797
0,handle-press-side-v2,35000,6,1.3952400347505565
0,handle-press-side-v2,35000,7,1.3970090135220417
0,handle-press-side-v2,35000,8,1.399644341209389
0,handle-press-side-v2,35000,9,1.3978505853916627
0,handle-press-side-v2,40000,0,1.5968606838318997
0,handle-press-side-v2,40000,1,1.599598963778156
0,handle-press-side-v2,40000,2,1.6031223961843264
0,handle-press-side-v2,40000,3,1.6012052379055604
0,handle-press-side-v2,40000,4,1.6004477001945803
0,handle-press-side-v2,40000,5,1.601997538008342
0,handle-press-side-v2,40000,6,1.5981306240641124
0,handle-press-side-v2,40000,7,1.5978750181530381
0,handle-press-side-v2,40000,8,1.600209149041403
0,handle-press-side-v2,40000,9,1.6017820876710551
0,handle-press-side-v2,45000,0,1.8022249305328035
0,handle-press-side-v2,45000,1,1.800051640722388
0,handle-press-side-v2,45000,2,1.8050715879322663
0,handle-press-side-v2,45000,3,1.8035747992977398
0,handle-press-side-v2,45000,4,1.801521150882642
0,handle-press-side-v2,45000,5,1.8061332472591294
0,handle-press-side-v2,45000,6,1.8036342896575501
0,handle-press-side-v2,45000,7,1.8040879101699216
0,handle-press-side-v2,45000,8,1.8048158376803598
0,handle-press-side-v2,45000,9,1.8046872844950748
0,handle-press-side-v2,50000,0,1.9930159523228994
0,handle-press-side-v2,50000,1,1.9925296239134895
0,handle-press-side-v2,50000,2,1.9999134128906957
0,handle-press-side-v2,50000,3,1.997860754069059
0,handle-press-side-v2,50000,4,1.9978621774159055
0,handle-press-side-v2,50000,5,1.998980451208015
0,handle-press-side-v2,50000,6,1.997052387955815
0,handle-press-side-v2,50000,7,1.9928831027939247
0,handle-press-side-v2,50000,8,1.9963088489302052
0,handle-press-side-v2,50000,9,1.9930550297211616
0,handle-press-side-v2,55000,0,2.1941266835488897
0,handle-press-side-v2,55000,1,2.1982627322273642
0,handle-press-side-v2,55000,2,2.1984024605115953
0,handle-press-side-v2,55000,3,2.2047244495503446
0,handle-press-side-v2,55000,4,2.2045161427567113
0,handle-press-side-v2,55000,5,2.2073152279683628
0,handle-press-side-v2,55000,6,2.2082938413788415
0,handle-press-side-v2,55000,7,2.1985119989374216
0,handle-press-side-v2,55000,8,2.202731303552777
0,handle-press-side-v2,55000,9,2.203202975166433
0,handle-press-side-v2,60000,0,2.388316652664533
0,handle-press-side-v2,60000,1,2.3952538565537105
0,handle-press-side-v2,60000,2,2.39327756840216
0,handle-press-side-v2,60000,3,2.3929906546041004
0,handle-press-side-v2,60000,4,2.3966874189592104
0,handle-press-side-v2,60000,5,2.3913807535425957
0,handle-press-side-v2,60000,6,2.3913487753342486
0,handle-press-side-v2,60000,7,2.395888882328949
0,handle-press-side-v2,60000,8,2.401477877857884
0,handle-press-side-v2,60000,9,2.3884015881233447
0,handle-press-side-v2,65000,0,2.547141672710502
0,handle-press-side-v2,65000,1,2.562846718958807
0,handle-press-side-v2,65000,2,2.5615673886535135
0,handle-press-side-v2,65000,3,2.561987961540347
0,handle-press-side-v2,65000,4,2.563819094485487
0,handle-press-side-v2,65000,5,2.5649421779842965
0,handle-press-side-v2,65000,6,2.564993340635231
0,handle-press-side-v2,65000,7,2.5626106942554174
0,handle-press-side-v2,65000,8,2.5622638712423167
0,handle-press-side-v2,65000,9,2.5638543966654423
0,handle-press-side-v2,70000,0,2.738985941629408
0,handle-press-side-v2,70000,1,2.75247670209171
0,handle-press-side-v2,70000,2,2.7592417610634556
0,handle-press-side-v2,70000,3,2.7533472240445813
0,handle-press-side-v2,70000,4,2.7481088472832176
0,handle-press-side-v2,70000,5,2.7492303641924623
0,handle-press-side-v2,70000,6,2.7499818943345136
0,handle-press-side-v2,70000,7,2.741888754230202
0,handle-press-side-v2,70000,8,2.7521750357170913
0,handle-press-side-v2,70000,9,2.7515640540128494
0,handle-press-side-v2,75000,0,2.921547321346937
0,handle-press-side-v2,75000,1,2.9333721771273535
0,handle-press-side-v2,75000,2,2.9432518775978274
0,handle-press-side-v2,75000,3,2.9298150181330804
0,handle-press-side-v2,75000,4,2.932178237389581
0,handle-press-side-v2,75000,5,2.9267739002887687
0,handle-press-side-v2,75000,6,2.935892241374299
0,handle-press-side-v2,75000,7,2.9347220286773235
0,handle-press-side-v2,75000,8,2.938035699860021
0,handle-press-side-v2,75000,9,2.934596856681049
0,handle-press-side-v2,80000,0,3.141254974240926
0,handle-press-side-v2,80000,1,3.1497032363659367
0,handle-press-side-v2,80000,2,3.1480579188762916
0,handle-press-side-v2,80000,3,3.151788406312504
0,handle-press-side-v2,80000,4,3.156331980550531
0,handle-press-side-v2,80000,5,3.156508196688745
0,handle-press-side-v2,80000,6,3.155944036305932
0,handle-press-side-v2,80000,7,3.1505395928835194
0,handle-press-side-v2,80000,8,3.158024044280769
0,handle-press-side-v2,80000,9,3.1495194465320395
0,handle-press-side-v2,85000,0,3.3374316397893886
0,handle-press-side-v2,85000,1,3.345945717802609
0,handle-press-side-v2,85000,2,3.345861603140025
0,handle-press-side-v2,85000,3,3.3443127396386614
0,handle-press-side-v2,85000,4,3.350249442967838
0,handle-press-side-v2,85000,5,3.353623847681699
0,handle-press-side-v2,85000,6,3.3409146678608725
0,handle-press-side-v2,85000,7,3.3387703255354766
0,handle-press-side-v2,85000,8,3.3500354786670625
0,handle-press-side-v2,85000,9,3.347499332699693
0,handle-press-side-v2,90000,0,3.5155725766004258
0,handle-press-side-v2,90000,1,3.521056247233908
0,handle-press-side-v2,90000,2,3.522484991111288
0,handle-press-side-v2,90000,3,3.5258193277405923
0,handle-press-side-v2,90000,4,3.5159582213250684
0,handle-press-side-v2,90000,5,3.5313256476612342
0,handle-press-side-v2,90000,6,3.519636157051062
0,handle-press-side-v2,90000,7,3.5258066729058855
0,handle-press-side-v2,90000,8,3.523284486532406
0,handle-press-side-v2,90000,9,3.5231327661655967
0,handle-press-side-v2,95000,0,3.655990782006695
0,handle-press-side-v2,95000,1,3.658571086113913
0,handle-press-side-v2,95000,2,3.6724203709639784
0,handle-press-side-v2,95000,3,3.6628661943876977
0,handle-press-side-v2,95000,4,3.6718703088171494
0,handle-press-side-v2,95000,5,3.6672094515524547
0,handle-press-side-v2,95000,6,3.663723950952812
0,handle-press-side-v2,95000,7,3.6583896878478344
0,handle-press-side-v2,95000,8,3.65799793076415
0,handle-press-side-v2,95000,9,3.6691502607100626
0,handle-press-side-v2,100000,0,3.8484315133229186
0,handle-press-side-v2,100000,1,3.860617084025086
0,handle-press-side-v2,100000,2,3.8604709100770385
0,handle-press-side-v2,100000,3,3.8646157757670534
0,handle-press-side-v2,100000,4,3.8536214316861566
0,handle-press-side-v2,100000,5,3.863464248761707
0,handle-press-side-v2,100000,6,3.858618440010018
0,handle-press-side-v2,100000,7,3.8506468757637418
0,handle-press-side-v2,100000,8,3.8612710983255405
0,handle-press-side-v2,100000,9,3.855713846748575
0,handle-press-v2,0,0,0.07103254756375514
0,handle-press-v2,0,1,0.07092208279067828
0,handle-press-v2,0,2,0.07092199610220741
0,handle-press-v2,0,3,0.07093548114793971
0,handle-press-v2,0,4,0.0709446070463735
0,handle-press-v2,0,5,0.07693559896079387
0,handle-press-v2,0,6,0.07101387913647678
0,handle-press-v2,0,7,0.07092238962386459
0,handle-press-v2,0,8,0.07093923286274037
0,handle-press-v2,0,9,0.07092188803718007
0,handle-press-v2,5000,0,0.2495097409715854
0,handle-press-v2,5000,1,0.24880759646077796
0,handle-press-v2,5000,2,0.2491817923340829
0,handle-press-v2,5000,3,0.24923193000321994
0,handle-press-v2,5000,4,0.24936170635011595
0,handle-press-v2,5000,5,0.24938478204570985
0,handle-press-v2,5000,6,0.24908255777474178
0,handle-press-v2,5000,7,0.24935451362756839
0,handle-press-v2,5000,8,0.24974575583951975
0,handle-press-v2,5000,9,0.24935824050663744
0,handle-press-v2,10000,0,0.4537125311183894
0,handle-press-v2,10000,1,0.45185894718176056
0,handle-press-v2,10000,2,0.45333875724798844
0,handle-press-v2,10000,3,0.4534607483617732
0,handle-press-v2,10000,4,0.4530889651969202
0,handle-press-v2,10000,5,0.45299960943319867
0,handle-press-v2,10000,6,0.4522589846569623
0,handle-press-v2,10000,7,0.45341252294601936
0,handle-press-v2,10000,8,0.45428915488680194
0,handle-press-v2,10000,9,0.4529361574585108
0,handle-press-v2,15000,0,0.6168229305568445
0,handle-press-v2,15000,1,0.6166063727077916
0,handle-press-v2,15000,2,0.6179741297130724
0,handle-press-v2,15000,3,0.6169024610131316
0,handle-press-v2,15000,4,0.6178878516849601
0,handle-press-v2,15000,5,0.6182824271887808
0,handle-press-v2,15000,6,0.6163505753257636
0,handle-press-v2,15000,7,0.6174767617714888
0,handle-press-v2,15000,8,0.6179996569323457
0,handle-press-v2,15000,9,0.6178319437486748
0,handle-press-v2,20000,0,0.809775249389886
0,handle-press-v2,20000,1,0.8091934152138623
0,handle-press-v2,20000,2,0.8111117104114647
0,handle-press-v2,20000,3,0.8103816314913305
0,handle-press-v2,20000,4,0.810837059631119
0,handle-press-v2,20000,5,0.8108757166507187
0,handle-press-v2,20000,6,0.8092627045844388
0,handle-press-v2,20000,7,0.8100187502758562
0,handle-press-v2,20000,8,0.810841169183002
0,handle-press-v2,20000,9,0.8103822980691782
0,handle-press-v2,25000,0,1.017996727492101
0,handle-press-v2,25000,1,1.0172455227999404
0,handle-press-v2,25000,2,1.018727277848096
0,handle-press-v2,25000,3,1.0177296622928735
0,handle-press-v2,25000,4,1.018375519276694
0,handle-press-v2,25000,5,1.019207494435261
0,handle-press-v2,25000,6,1.0153768980731308
0,handle-press-v2,25000,7,1.0179223755402678
0,handle-press-v2,25000,8,1.0181897751792144
0,handle-press-v2,25000,9,1.0178836480516626
0,handle-press-v2,30000,0,1.1941061392074508
0,handle-press-v2,30000,1,1.1948027601606226
0,handle-press-v2,30000,2,1.1950031114494528
0,handle-press-v2,30000,3,1.1942566251199265
0,handle-press-v2,30000,4,1.1954765973139838
0,handle-press-v2,30000,5,1.1978851993444062
0,handle-press-v2,30000,6,1.1916214919578882
0,handle-press-v2,30000,7,1.1949242969780216
0,handle-press-v2,30000,8,1.1956079492665812
0,handle-press-v2,30000,9,1.194841167093113
0,handle-press-v2,35000,0,1.408063757819015
0,handle-press-v2,35000,1,1.4085325952093541
0,handle-press-v2,35000,2,1.4095176389113988
0,handle-press-v2,35000,3,1.4076438752596026
0,handle-press-v2,35000,4,1.4095822776594364
0,handle-press-v2,35000,5,1.4123180715729793
0,handle-press-v2,35000,6,1.405330783301573
0,handle-press-v2,35000,7,1.4072628296463845
0,handle-press-v2,35000,8,1.4111805569428932
0,handle-press-v2,35000,9,1.4085956939525663
0,handle-press-v2,40000,0,1.6177915492410577
0,handle-press-v2,40000,1,1.6160397947896517
0,handle-press-v2,40000,2,1.6178595240219364
0,handle-press-v2,40000,3,1.6177938726431929
0,handle-press-v2,40000,4,1.6171282882562763
0,handle-press-v2,40000,5,1.6207537538709103
0,handle-press-v2,40000,6,1.6150831724346726
0,handle-press-v2,40000,7,1.615332128472408
0,handle-press-v2,40000,8,1.620079513739931
0,handle-press-v2,40000,9,1.6183704995025243
0,handle-press-v2,45000,0,1.8046319669781996
0,handle-press-v2,45000,1,1.8094417054767602
0,handle-press-v2,45000,2,1.8112947821878969
0,handle-press-v2,45000,3,1.8078006637460655
0,handle-press-v2,45000,4,1.811229762077327
0,handle-press-v2,45000,5,1.8100583221923014
0,handle-press-v2,45000,6,1.8085236843145704
0,handle-press-v2,45000,7,1.805022914692656
0,handle-press-v2,45000,8,1.808277288548952
0,handle-press-v2,45000,9,1.810069232882259
0,handle-press-v2,50000,0,2.0043586499842436
0,handle-press-v2,50000,1,2.009737627695313
0,handle-press-v2,50000,2,2.010937215517754
0,handle-press-v2,50000,3,2.009794361323302
0,handle-press-v2,50000,4,2.0099798986675337
0,handle-press-v2,50000,5,2.008177877480873
0,handle-press-v2,50000,6,2.0078292811049856
0,handle-press-v2,50000,7,2.0106695266557844
0,handle-press-v2,50000,8,2.012458298233926
0,handle-press-v2,50000,9,2.006854642246118
0,handle-press-v2,55000,0,2.195042272954266
0,handle-press-v2,55000,1,2.20402474160893
0,handle-press-v2,55000,2,2.201310796502347
0,handle-press-v2,55000,3,2.1942148031528914
0,handle-press-v2,55000,4,2.201198525207656
0,handle-press-v2,55000,5,2.2064899396609245
0,handle-press-v2,55000,6,2.1947354716852057
0,handle-press-v2,55000,7,2.209631656750921
0,handle-press-v2,55000,8,2.2024428611464892
0,handle-press-v2,55000,9,2.2039913888446514
0,handle-press-v2,60000,0,2.409807219875731
0,handle-press-v2,60000,1,2.435014376962257
0,handle-press-v2,60000,2,2.4275320301868346
0,handle-press-v2,60000,3,2.416444451413924
0,handle-press-v2,60000,4,2.423921998404779
0,handle-press-v2,60000,5,2.4241256241276328
0,handle-press-v2,60000,6,2.421454385836839
0,handle-press-v2,60000,7,2.416645206746409
0,handle-press-v2,60000,8,2.4209163055756346
0,handle-press-v2,60000,9,2.4151254029814035
0,handle-press-v2,65000,0,2.577687759271582
0,handle-press-v2,65000,1,2.599745878621251
0,handle-press-v2,65000,2,2.5993914352550362
0,handle-press-v2,65000,3,2.5900882790182327
0,handle-press-v2,65000,4,2.6058493869335106
0,handle-press-v2,65000,5,2.5947576743499883
0,handle-press-v2,65000,6,2.5913198872828263
0,handle-press-v2,65000,7,2.5945838631417506
0,handle-press-v2,65000,8,2.597645500164213
0,handle-press-v2,65000,9,2.5949185577037213
0,handle-press-v2,70000,0,2.7403028250053163
0,handle-press-v2,70000,1,2.755798390835221
0,handle-press-v2,70000,2,2.752601769535845
0,handle-press-v2,70000,3,2.7582161292709153
0,handle-press-v2,70000,4,2.7382058253933
0,handle-press-v2,70000,5,2.763705515381316
0,handle-press-v2,70000,6,2.7519760763183
0,handle-press-v2,70000,7,2.753198964010771
0,handle-press-v2,70000,8,2.7462330945875153
0,handle-press-v2,70000,9,2.7468239057523065
0,handle-press-v2,75000,0,2.910761484130692
0,handle-press-v2,75000,1,2.928112657009617
0,handle-press-v2,75000,2,2.9300595725840703
0,handle-press-v2,75000,3,2.9371075426644246
0,handle-press-v2,75000,4,2.936522804937294
0,handle-press-v2,75000,5,2.931884205186246
0,handle-press-v2,75000,6,2.928283309369112
0,handle-press-v2,75000,7,2.92613634718314
0,handle-press-v2,75000,8,2.918543275800687
0,handle-press-v2,75000,9,2.924746969253098
0,handle-press-v2,80000,0,3.1386124994354607
0,handle-press-v2,80000,1,3.155317652000573
0,handle-press-v2,80000,2,3.1654356988364474
0,handle-press-v2,80000,3,3.159051948972179
0,handle-press-v2,80000,4,3.1600568109302936
0,handle-press-v2,80000,5,3.1602101169625176
0,handle-press-v2,80000,6,3.1584145589108097
0,handle-press-v2,80000,7,3.153902639905176
0,handle-press-v2,80000,8,3.1616755215031787
0,handle-press-v2,80000,9,3.1595351961049745
0,handle-press-v2,85000,0,3.299562690707692
0,handle-press-v2,85000,1,3.3125099584960838
0,handle-press-v2,85000,2,3.3098250656597332
0,handle-press-v2,85000,3,3.3225349938580053
0,handle-press-v2,85000,4,3.393490236423279
0,handle-press-v2,85000,5,3.311669230387319
0,handle-press-v2,85000,6,3.3121671127265615
0,handle-press-v2,85000,7,3.3117496728852354
0,handle-press-v2,85000,8,3.3152255369475028
0,handle-press-v2,85000,9,3.312559149187952
0,handle-press-v2,90000,0,3.5037049799283775
0,handle-press-v2,90000,1,3.515377679230299
0,handle-press-v2,90000,2,3.519853293398809
0,handle-press-v2,90000,3,3.510249055828854
0,handle-press-v2,90000,4,3.503290898066481
0,handle-press-v2,90000,5,3.517465533759678
0,handle-press-v2,90000,6,3.512641209224747
0,handle-press-v2,90000,7,3.5109659655554477
0,handle-press-v2,90000,8,3.516960727579454
0,handle-press-v2,90000,9,3.5102216632270045
0,handle-press-v2,95000,0,3.678162514288857
0,handle-press-v2,95000,1,3.6906582600103217
0,handle-press-v2,95000,2,3.6864270178453045
0,handle-press-v2,95000,3,3.689172241951028
0,handle-press-v2,95000,4,3.6841144814799263
0,handle-press-v2,95000,5,3.685455801033577
0,handle-press-v2,95000,6,3.683378316435763
0,handle-press-v2,95000,7,3.6849833553444213
0,handle-press-v2,95000,8,3.6833954755547564
0,handle-press-v2,95000,9,3.679442178179486
0,handle-press-v2,100000,0,3.8614703273342634
0,handle-press-v2,100000,1,3.877100782014134
0,handle-press-v2,100000,2,3.8824070016821146
0,handle-press-v2,100000,3,3.886062403331984
0,handle-press-v2,100000,4,3.8776295838472583
0,handle-press-v2,100000,5,3.879456191617404
0,handle-press-v2,100000,6,3.876527406459219
0,handle-press-v2,100000,7,3.8750623481086905
0,handle-press-v2,100000,8,3.8785923194520295
0,handle-press-v2,100000,9,3.8735419772268527
0,plate-slide-back-v2,0,0,2.1970186407304477e-05
0,plate-slide-back-v2,0,1,1.9530402289510116e-05
0,plate-slide-back-v2,0,2,2.6491370275614096e-05
0,plate-slide-back-v2,0,3,2.4956085906570218e-05
0,plate-slide-back-v2,0,4,2.248980379128508e-05
0,plate-slide-back-v2,0,5,2.6244146900142595e-05
0,plate-slide-back-v2,0,6,2.2595861589363195e-05
0,plate-slide-back-v2,0,7,4.0463747330985346e-05
0,plate-slide-back-v2,0,8,2.8441977082720794e-05
0,plate-slide-back-v2,0,9,2.205162674486965e-05
0,plate-slide-back-v2,5000,0,0.224880110044277
0,plate-slide-back-v2,5000,1,0.22392403607860814
0,plate-slide-back-v2,5000,2,0.22435083641179043
0,plate-slide-back-v2,5000,3,0.22448176969316327
0,plate-slide-back-v2,5000,4,0.22461502483034157
0,plate-slide-back-v2,5000,5,0.22460953822569857
0,plate-slide-back-v2,5000,6,0.2242430419748569
0,plate-slide-back-v2,5000,7,0.22467523548044638
0,plate-slide-back-v2,5000,8,0.22503108109577039
0,plate-slide-back-v2,5000,9,0.22453987525340738
0,plate-slide-back-v2,10000,0,0.41885767489529196
0,plate-slide-back-v2,10000,1,0.416956365110942
0,plate-slide-back-v2,10000,2,0.4183363448483317
0,plate-slide-back-v2,10000,3,0.4184263164135821
0,plate-slide-back-v2,10000,4,0.4179750329589571
0,plate-slide-back-v2,10000,5,0.4181253574599042
0,plate-slide-back-v2,10000,6,0.41705839004682477
0,plate-slide-back-v2,10000,7,0.41850717127069986
0,plate-slide-back-v2,10000,8,0.41931653168783467
0,plate-slide-back-v2,10000,9,0.4178111581513759
0,plate-slide-back-v2,15000,0,0.597891586398203
0,plate-slide-back-v2,15000,1,0.5966064306109837
0,plate-slide-back-v2,15000,2,0.5984966350904313
0,plate-slide-back-v2,15000,3,0.5982365643504585
0,plate-slide-back-v2,15000,4,0.5985021716747132
0,plate-slide-back-v2,15000,5,0.5988054782427932
0,plate-slide-back-v2,15000,6,0.596426971664347
0,plate-slide-back-v2,15000,7,0.5979269596796477
0,plate-slide-back-v2,15000,8,0.5989444104220352
0,plate-slide-back-v2,15000,9,0.5977151764255502
0,plate-slide-back-v2,20000,0,0.7826575526948828
0,plate-slide-back-v2,20000,1,0.7813436611125917
0,plate-slide-back-v2,20000,2,0.7836175917728865
0,plate-slide-back-v2,20000,3,0.7829413981421928
0,plate-slide-back-v2,20000,4,0.783340801159127
0,plate-slide-back-v2,20000,5,0.7828201725248032
0,plate-slide-back-v2,20000,6,0.7800686440076272
0,plate-slide-back-v2,20000,7,0.7826292355422939
0,plate-slide-back-v2,20000,8,0.7824834272808178
0,plate-slide-back-v2,20000,9,0.7828302516724458
0,plate-slide-back-v2,25000,0,0.9956953406927029
0,plate-slide-back-v2,25000,1,0.9947744180185963
0,plate-slide-back-v2,25000,2,0.9967992855210658
0,plate-slide-back-v2,25000,3,0.997031337927095
0,plate-slide-back-v2,25000,4,0.9964617339281795
0,plate-slide-back-v2,25000,5,0.9974213926699663
0,plate-slide-back-v2,25000,6,0.993428197225355
0,plate-slide-back-v2,25000,7,0.9953060737455177
0,plate-slide-back-v2,25000,8,0.9961498757873108
0,plate-slide-back-v2,25000,9,0.9946056223154351
0,plate-slide-back-v2,30000,0,1.1794148188941334
0,plate-slide-back-v2,30000,1,1.1783172561829722
0,plate-slide-back-v2,30000,2,1.1804912643849192
0,plate-slide-back-v2,30000,3,1.1786447541442804
0,plate-slide-back-v2,30000,4,1.1797881571412425
0,plate-slide-back-v2,30000,5,1.1812775285560382
0,plate-slide-back-v2,30000,6,1.176416375861234
0,plate-slide-back-v2,30000,7,1.17903092137643
0,plate-slide-back-v2,30000,8,1.1804597939691919
0,plate-slide-back-v2,30000,9,1.1791205289406306
0,plate-slide-back-v2,35000,0,1.3805462644357278
0,plate-slide-back-v2,35000,1,1.3775294288135302
0,plate-slide-back-v2,35000,2,1.3797903943855456
0,plate-slide-back-v2,35000,3,1.3813134593513345
0,plate-slide-back-v2,35000,4,1.3808411316805684
0,plate-slide-back-v2,35000,5,1.3816668286942442
0,plate-slide-back-v2,35000,6,1.3764495247256112
0,plate-slide-back-v2,35000,7,1.378243749695723
0,plate-slide-back-v2,35000,8,1.380859508303417
0,plate-slide-back-v2,35000,9,1.377943954136837
0,plate-slide-back-v2,40000,0,1.5835354896717515
0,plate-slide-back-v2,40000,1,1.5827182271525082
0,plate-slide-back-v2,40000,2,1.5857790552700963
0,plate-slide-back-v2,40000,3,1.5854055078448097
0,plate-slide-back-v2,40000,4,1.5862623334575114
0,plate-slide-back-v2,40000,5,1.586862704532473
0,plate-slide-back-v2,40000,6,1.5809492699631
0,plate-slide-back-v2,40000,7,1.5842094447928123
0,plate-slide-back-v2,40000,8,1.5856551484883563
0,plate-slide-back-v2,40000,9,1.5835912533458383
0,plate-slide-back-v2,45000,0,1.7783009582070082
0,plate-slide-back-v2,45000,1,1.7808710399396848
0,plate-slide-back-v2,45000,2,1.7808966710464627
0,plate-slide-back-v2,45000,3,1.782171487683758
0,plate-slide-back-v2,45000,4,1.7820741410742964
0,plate-slide-back-v2,45000,5,1.7816136324088125
0,plate-slide-back-v2,45000,6,1.7799371906209336
0,plate-slide-back-v2,45000,7,1.7774776758560988
0,plate-slide-back-v2,45000,8,1.7794687915062288
0,plate-slide-back-v2,45000,9,1.778924510277881
0,plate-slide-back-v2,50000,0,1.9677362464687491
0,plate-slide-back-v2,50000,1,1.969637518116594
0,plate-slide-back-v2,50000,2,1.9717803924711077
0,plate-slide-back-v2,50000,3,1.9738064938685467
0,plate-slide-back-v2,50000,4,1.9689497146929162
0,plate-slide-back-v2,50000,5,1.969395548520142
0,plate-slide-back-v2,50000,6,1.9667235291665943
0,plate-slide-back-v2,50000,7,1.9678070309107996
0,plate-slide-back-v2,50000,8,1.9728553164787526
0,plate-slide-back-v2,50000,9,1.9674751202092278
0,plate-slide-back-v2,55000,0,2.166351973914096
0,plate-slide-back-v2,55000,1,2.1619187613851243
0,plate-slide-back-v2,55000,2,2.167669216343517
0,plate-slide-back-v2,55000,3,2.162914598274289
0,plate-slide-back-v2,55000,4,2.161680055116475
0,plate-slide-back-v2,55000,5,2.1629102024344413
0,plate-slide-back-v2,55000,6,2.1575957159765187
0,plate-slide-back-v2,55000,7,2.158547909492161
0,plate-slide-back-v2,55000,8,2.1623466157319355
0,plate-slide-back-v2,55000,9,2.160902628888317
0,plate-slide-back-v2,60000,0,2.3549006721569494
0,plate-slide-back-v2,60000,1,2.3574333935485554
0,plate-slide-back-v2,60000,2,2.3551012124883757
0,plate-slide-back-v2,60000,3,2.3538494890694848
0,plate-slide-back-v2,60000,4,2.3521770353977236
0,plate-slide-back-v2,60000,5,2.3556242438764268
0,plate-slide-back-v2,60000,6,2.3566631796503636
0,plate-slide-back-v2,60000,7,2.353853215376082
0,plate-slide-back-v2,60000,8,2.3559128129510136
0,plate-slide-back-v2,60000,9,2.3565601127676343
0,plate-slide-back-v2,65000,0,2.5325375991171586
0,plate-slide-back-v2,65000,1,2.529924200353062
0,plate-slide-back-v2,65000,2,2.537800047642714
0,plate-slide-back-v2,65000,3,2.538856547762663
0,plate-slide-back-v2,65000,4,2.5300900291774178
0,plate-slide-back-v2,65000,5,2.5364591563059937
0,plate-slide-back-v2,65000,6,2.5360851042041186
0,plate-slide-back-v2,65000,7,2.538486676697753
0,plate-slide-back-v2,65000,8,2.53510898889241
0,plate-slide-back-v2,65000,9,2.5341605655732544
0,plate-slide-back-v2,70000,0,2.713109863322925
0,plate-slide-back-v2,70000,1,2.726306030302413
0,plate-slide-back-v2,70000,2,2.72987339550471
0,plate-slide-back-v2,70000,3,2.719966508218536
0,plate-slide-back-v2,70000,4,2.7226854183034668
0,plate-slide-back-v2,70000,5,2.7172713177911727
0,plate-slide-back-v2,70000,6,2.72069799099047
0,plate-slide-back-v2,70000,7,2.720560905884889
0,plate-slide-back-v2,70000,8,2.7189114093263487
0,plate-slide-back-v2,70000,9,2.7152276111321627
0,plate-slide-back-v2,75000,0,2.9042388481091734
0,plate-slide-back-v2,75000,1,2.9149064471826454
0,plate-slide-back-v2,75000,2,2.9098878169841877
0,plate-slide-back-v2,75000,3,2.910329069615597
0,plate-slide-back-v2,75000,4,2.9102392247708266
0,plate-slide-back-v2,75000,5,2.916341211232289
0,plate-slide-back-v2,75000,6,2.8967766513902005
0,plate-slide-back-v2,75000,7,2.9000722162393417
0,plate-slide-back-v2,75000,8,2.9045344425981856
0,plate-slide-back-v2,75000,9,2.8988078456612807
0,plate-slide-back-v2,80000,0,3.09908687972064
0,plate-slide-back-v2,80000,1,3.097834458155065
0,plate-slide-back-v2,80000,2,3.102310862425892
0,plate-slide-back-v2,80000,3,3.1046201532083972
0,plate-slide-back-v2,80000,4,3.1011563760551826
0,plate-slide-back-v2,80000,5,3.0954872792623007
0,plate-slide-back-v2,80000,6,3.0929458533927012
0,plate-slide-back-v2,80000,7,3.106967682404747
0,plate-slide-back-v2,80000,8,3.102494168128777
0,plate-slide-back-v2,80000,9,3.0971617842184083
0,plate-slide-back-v2,85000,0,3.2765810271912215
0,plate-slide-back-v2,85000,1,3.287782015105338
0,plate-slide-back-v2,85000,2,3.2900196928391248
0,plate-slide-back-v2,85000,3,3.289694070111732
0,plate-slide-back-v2,85000,4,3.2833630084615795
0,plate-slide-back-v2,85000,5,3.2891822699532005
0,plate-slide-back-v2,85000,6,3.284515699194487
0,plate-slide-back-v2,85000,7,3.2764511699951027
0,plate-slide-back-v2,85000,8,3.283329802274972
0,plate-slide-back-v2,85000,9,3.289101693009175
0,plate-slide-back-v2,90000,0,3.4589078218295946
0,plate-slide-back-v2,90000,1,3.4617116656050917
0,plate-slide-back-v2,90000,2,3.466267129134191
0,plate-slide-back-v2,90000,3,3.4515626373541797
0,plate-slide-back-v2,90000,4,3.4598920402606423
0,plate-slide-back-v2,90000,5,3.457280640268872
0,plate-slide-back-v2,90000,6,3.453609406298005
0,plate-slide-back-v2,90000,7,3.4584118121276495
0,plate-slide-back-v2,90000,8,3.45546728389157
0,plate-slide-back-v2,90000,9,3.4503301284500667
0,plate-slide-back-v2,95000,0,3.6168636650076107
0,plate-slide-back-v2,95000,1,3.613860171530169
0,plate-slide-back-v2,95000,2,3.614596729290182
0,plate-slide-back-v2,95000,3,3.6119725281444848
0,plate-slide-back-v2,95000,4,3.621215957599442
0,plate-slide-back-v2,95000,5,3.6179119088697718
0,plate-slide-back-v2,95000,6,3.6147242636891623
0,plate-slide-back-v2,95000,7,3.6097482063473887
0,plate-slide-back-v2,95000,8,3.606123209859831
0,plate-slide-back-v2,95000,9,3.616046658076879
0,plate-slide-back-v2,100000,0,3.8048601087917207
0,plate-slide-back-v2,100000,1,3.7926738948086114
0,plate-slide-back-v2,100000,2,3.8081090029919373
0,plate-slide-back-v2,100000,3,3.808818102616806
0,plate-slide-back-v2,100000,4,3.800849444041666
0,plate-slide-back-v2,100000,5,3.800348791371547
0,plate-slide-back-v2,100000,6,3.803014289182995
0,plate-slide-back-v2,100000,7,3.7839543991196396
0,plate-slide-back-v2,100000,8,3.7973296942874173
0,plate-slide-back-v2,100000,9,3.793455899002899
0,plate-slide-v2,0,0,1.4848001296256831e-05
0,plate-slide-v2,0,1,1.790633018695764e-05
0,plate-slide-v2,0,2,1.3707725441871718e-05
0,plate-slide-v2,0,3,1.2946730288672274e-05
0,plate-slide-v2,0,4,7.401161475321843e-06
0,plate-slide-v2,0,5,0.0001874447240329834
0,plate-slide-v2,0,6,9.284599636699775e-06
0,plate-slide-v2,0,7,1.6385233606301116e-05
0,plate-slide-v2,0,8,8.949910393333914e-06
0,plate-slide-v2,0,9,6.877062588926814e-06
0,plate-slide-v2,5000,0,0.2248767589347598
0,plate-slide-v2,5000,1,0.2238945232481352
0,plate-slide-v2,5000,2,0.2243207750046172
0,plate-slide-v2,5000,3,0.2242421831542391
0,plate-slide-v2,5000,4,0.22456207465282443
0,plate-slide-v2,5000,5,0.22469071904012888
0,plate-slide-v2,5000,6,0.22422460696036206
0,plate-slide-v2,5000,7,0.22464144736435002
0,plate-slide-v2,5000,8,0.2250562616901239
0,plate-slide-v2,5000,9,0.22457169959441364
0,plate-slide-v2,10000,0,0.4188236789693809
0,plate-slide-v2,10000,1,0.41695424194505953
0,plate-slide-v2,10000,2,0.4186230964481106
0,plate-slide-v2,10000,3,0.4184922599567917
0,plate-slide-v2,10000,4,0.41814667210726225
0,plate-slide-v2,10000,5,0.4181115283092804
0,plate-slide-v2,10000,6,0.41696347478730555
0,plate-slide-v2,10000,7,0.41848471682169447
0,plate-slide-v2,10000,8,0.41926284544299464
0,plate-slide-v2,10000,9,0.41779730912548324
0,plate-slide-v2,15000,0,0.5980006549445952
0,plate-slide-v2,15000,1,0.5970779353156963
0,plate-slide-v2,15000,2,0.5982961519475719
0,plate-slide-v2,15000,3,0.598205758485275
0,plate-slide-v2,15000,4,0.5984641492429905
0,plate-slide-v2,15000,5,0.5987238644490128
0,plate-slide-v2,15000,6,0.5969309861723147
0,plate-slide-v2,15000,7,0.5979323452534807
0,plate-slide-v2,15000,8,0.5988528146784351
0,plate-slide-v2,15000,9,0.5978086202252537
0,plate-slide-v2,20000,0,0.782665885695385
0,plate-slide-v2,20000,1,0.7818399169902192
0,plate-slide-v2,20000,2,0.7834978570737201
0,plate-slide-v2,20000,3,0.7829464200275174
0,plate-slide-v2,20000,4,0.7832054836457804
0,plate-slide-v2,20000,5,0.7831948165118474
0,plate-slide-v2,20000,6,0.7803483216017751
0,plate-slide-v2,20000,7,0.7832491143730133
0,plate-slide-v2,20000,8,0.7833097913150753
0,plate-slide-v2,20000,9,0.7833944613502561
0,plate-slide-v2,25000,0,0.9962844087197872
0,plate-slide-v2,25000,1,0.9952501745435267
0,plate-slide-v2,25000,2,0.9972365946514316
0,plate-slide-v2,25000,3,0.9970178801888906
0,plate-slide-v2,25000,4,0.9969574312957056
0,plate-slide-v2,25000,5,0.9973276104562522
0,plate-slide-v2,25000,6,0.9938721318950289
0,plate-slide-v2,25000,7,0.9959928411146014
0,plate-slide-v2,25000,8,0.9969271514108362
0,plate-slide-v2,25000,9,0.995572634048879
0,plate-slide-v2,30000,0,1.178768874282959
0,plate-slide-v2,30000,1,1.1788754581321383
0,plate-slide-v2,30000,2,1.1804929957006247
0,plate-slide-v2,30000,3,1.1783744544190782
0,plate-slide-v2,30000,4,1.1798627811284779
0,plate-slide-v2,30000,5,1.1814972707089253
0,plate-slide-v2,30000,6,1.1760327498268803
0,plate-slide-v2,30000,7,1.1789299379043685
0,plate-slide-v2,30000,8,1.1803832794576437
0,plate-slide-v2,30000,9,1.1779902441553216
0,plate-slide-v2,35000,0,1.3804774283331191
0,plate-slide-v2,35000,1,1.377850119939155
0,plate-slide-v2,35000,2,1.3806070970433606
0,plate-slide-v2,35000,3,1.3793879265934663
0,plate-slide-v2,35000,4,1.3744791347440042
0,plate-slide-v2,35000,5,1.3786155179364783
0,plate-slide-v2,35000,6,1.3733148745504131
0,plate-slide-v2,35000,7,1.378639792725852
0,plate-slide-v2,35000,8,1.380135820563931
0,plate-slide-v2,35000,9,1.3788722921438439
0,plate-slide-v2,40000,0,1.5866613076616316
0,plate-slide-v2,40000,1,1.5844498213266294
0,plate-slide-v2,40000,2,1.5857441765117266
0,plate-slide-v2,40000,3,1.5871846570168955
0,plate-slide-v2,40000,4,1.5857729363978161
0,plate-slide-v2,40000,5,1.5884854013106222
0,plate-slide-v2,40000,6,1.5831971409409085
0,plate-slide-v2,40000,7,1.5811111473784045
0,plate-slide-v2,40000,8,1.5844305444770206
0,plate-slide-v2,40000,9,1.5801734142597381
0,plate-slide-v2,45000,0,1.777322800918902
0,plate-slide-v2,45000,1,1.778540756450127
0,plate-slide-v2,45000,2,1.7785403567940434
0,plate-slide-v2,45000,3,1.7815376778492293
0,plate-slide-v2,45000,4,1.7826966272084932
0,plate-slide-v2,45000,5,1.7792977909011438
0,plate-slide-v2,45000,6,1.7799105934871486
0,plate-slide-v2,45000,7,1.7794715686493954
0,plate-slide-v2,45000,8,1.7797659662894356
0,plate-slide-v2,45000,9,1.7779199842103344
0,plate-slide-v2,50000,0,1.968965330106174
0,plate-slide-v2,50000,1,1.9712020651560682
0,plate-slide-v2,50000,2,1.9738146370755043
0,plate-slide-v2,50000,3,1.9701031612936764
0,plate-slide-v2,50000,4,1.967782058672927
0,plate-slide-v2,50000,5,1.9736453514535197
0,plate-slide-v2,50000,6,1.9664908496101776
0,plate-slide-v2,50000,7,1.971689111111277
0,plate-slide-v2,50000,8,1.9713078936695991
0,plate-slide-v2,50000,9,1.9679017976301376
0,plate-slide-v2,55000,0,2.1617670982474406
0,plate-slide-v2,55000,1,2.1602117568500527
0,plate-slide-v2,55000,2,2.166762059486613
0,plate-slide-v2,55000,3,2.1666235756832686
0,plate-slide-v2,55000,4,2.1613162739779357
0,plate-slide-v2,55000,5,2.1636241294147167
0,plate-slide-v2,55000,6,2.159261881201136
0,plate-slide-v2,55000,7,2.16651848405843
0,plate-slide-v2,55000,8,2.166727888808834
0,plate-slide-v2,55000,9,2.15864831610497
0,plate-slide-v2,60000,0,2.355863470498991
0,plate-slide-v2,60000,1,2.3569207454015757
0,plate-slide-v2,60000,2,2.3600197551138082
0,plate-slide-v2,60000,3,2.3544852721580214
0,plate-slide-v2,60000,4,2.354699404340037
0,plate-slide-v2,60000,5,2.349914142980947
0,plate-slide-v2,60000,6,2.3488620654568253
0,plate-slide-v2,60000,7,2.3577688841293267
0,plate-slide-v2,60000,8,2.353905135999493
0,plate-slide-v2,60000,9,2.350486212729452
0,plate-slide-v2,65000,0,2.5380749228458255
0,plate-slide-v2,65000,1,2.537084606485694
0,plate-slide-v2,65000,2,2.5402437254304675
0,plate-slide-v2,65000,3,2.531797765718362
0,plate-slide-v2,65000,4,2.538424995595992
0,plate-slide-v2,65000,5,2.5301820980548504
0,plate-slide-v2,65000,6,2.520025028569311
0,plate-slide-v2,65000,7,2.5397561157154374
0,plate-slide-v2,65000,8,2.5336974761935647
0,plate-slide-v2,65000,9,2.531307306632145
0,plate-slide-v2,70000,0,2.7217004854929367
0,plate-slide-v2,70000,1,2.7211719560751164
0,plate-slide-v2,70000,2,2.7227761016494694
0,plate-slide-v2,70000,3,2.7241165611111167
0,plate-slide-v2,70000,4,2.734588422919853
0,plate-slide-v2,70000,5,2.724200918527542
0,plate-slide-v2,70000,6,2.7253123561665005
0,plate-slide-v2,70000,7,2.7182606402751346
0,plate-slide-v2,70000,8,2.72340902712622
0,plate-slide-v2,70000,9,2.7287169051890827
0,plate-slide-v2,75000,0,2.90815471829023
0,plate-slide-v2,75000,1,2.9153521924435286
0,plate-slide-v2,75000,2,2.9085434881837244
0,plate-slide-v2,75000,3,2.918051660315019
0,plate-slide-v2,75000,4,2.9074500784429675
0,plate-slide-v2,75000,5,2.912511942049611
0,plate-slide-v2,75000,6,2.9089374491891453
0,plate-slide-v2,75000,7,2.9037837330049054
0,plate-slide-v2,75000,8,2.899313888709128
0,plate-slide-v2,75000,9,2.9082180218311326
0,plate-slide-v2,80000,0,3.105420127456389
0,plate-slide-v2,80000,1,3.102084412520129
0,plate-slide-v2,80000,2,3.11023905744247
0,plate-slide-v2,80000,3,3.1079365522785922
0,plate-slide-v2,80000,4,3.103361840207618
0,plate-slide-v2,80000,5,3.100200781138522
0,plate-slide-v2,80000,6,3.0939633822901302
0,plate-slide-v2,80000,7,3.1013789855957223
0,plate-slide-v2,80000,8,3.095579153144003
0,plate-slide-v2,80000,9,3.0946407317808347
0,plate-slide-v2,85000,0,3.2808443191764463
0,plate-slide-v2,85000,1,3.2926025460566617
0,plate-slide-v2,85000,2,3.289947295570345
0,plate-slide-v2,85000,3,3.295209455666895
0,plate-slide-v2,85000,4,3.2866631975318232
0,plate-slide-v2,85000,5,3.287011112812949
0,plate-slide-v2,85000,6,3.285229579103026
0,plate-slide-v2,85000,7,3.281083699442643
0,plate-slide-v2,85000,8,3.2890745183435395
0,plate-slide-v2,85000,9,3.280659115490135
0,plate-slide-v2,90000,0,3.4579003860525264
0,plate-slide-v2,90000,1,3.45584372696066
0,plate-slide-v2,90000,2,3.4677011408880536
0,plate-slide-v2,90000,3,3.4609392288725
0,plate-slide-v2,90000,4,3.4573611276685265
0,plate-slide-v2,90000,5,3.4507654184177357
0,plate-slide-v2,90000,6,3.4541512147160063
0,plate-slide-v2,90000,7,3.4599589445631884
0,plate-slide-v2,90000,8,3.4562866406475967
0,plate-slide-v2,90000,9,3.4488738860710164
0,plate-slide-v2,95000,0,3.6176053028597113
0,plate-slide-v2,95000,1,3.613989221112413
0,plate-slide-v2,95000,2,3.62362896932382
0,plate-slide-v2,95000,3,3.614853292356935
0,plate-slide-v2,95000,4,3.6226676695833984
0,plate-slide-v2,95000,5,3.611437394734742
0,plate-slide-v2,95000,6,3.600249664790263
0,plate-slide-v2,95000,7,3.616027559875552
0,plate-slide-v2,95000,8,3.6138932410167555
0,plate-slide-v2,95000,9,3.61362594448037
0,plate-slide-v2,100000,0,3.7983914449591976
0,plate-slide-v2,100000,1,3.7998747116558103
0,plate-slide-v2,100000,2,3.807904535355175
0,plate-slide-v2,100000,3,3.8030951686261316
0,plate-slide-v2,100000,4,3.811774105150607
0,plate-slide-v2,100000,5,3.803082545117719
0,plate-slide-v2,100000,6,3.8026504632702647
0,plate-slide-v2,100000,7,3.8000124998483895
0,plate-slide-v2,100000,8,3.801343095234811
0,plate-slide-v2,100000,9,3.8021812774723354
0,push-back-v2,0,0,0.1602060433651414
0,push-back-v2,0,1,0.16019553292518804
0,push-back-v2,0,2,0.1601955356480621
0,push-back-v2,0,3,0.16019553130751782
0,push-back-v2,0,4,0.16019553523265528
0,push-back-v2,0,5,0.16019553596356353
0,push-back-v2,0,6,0.16019564416968712
0,push-back-v2,0,7,0.1601955304765153
0,push-back-v2,0,8,0.16019553578090834
0,push-back-v2,0,9,0.1601955357603339
0,push-back-v2,5000,0,0.25793312324952483
0,push-back-v2,5000,1,0.25703605928465234
0,push-back-v2,5000,2,0.25740194125059024
0,push-back-v2,5000,3,0.25754986334944524
0,push-back-v2,5000,4,0.25763824370518673
0,push-back-v2,5000,5,0.2576723040192483
0,push-back-v2,5000,6,0.2573416839128812
0,push-back-v2,5000,7,0.25770752501725935
0,push-back-v2,5000,8,0.25801529141912694
0,push-back-v2,5000,9,0.2576090145044516
0,push-back-v2,10000,0,0.43702197969218315
0,push-back-v2,10000,1,0.4351896787255338
0,push-back-v2,10000,2,0.4365571510085947
0,push-back-v2,10000,3,0.43663424629282555
0,push-back-v2,10000,4,0.4361404458042412
0,push-back-v2,10000,5,0.4363179328999274
0,push-back-v2,10000,6,0.43525254787564416
0,push-back-v2,10000,7,0.4366457821373042
0,push-back-v2,10000,8,0.43744127986806175
0,push-back-v2,10000,9,0.43597859571255726
0,push-back-v2,15000,0,0.5999977671028462
0,push-back-v2,15000,1,0.599008907657685
0,push-back-v2,15000,2,0.6004152443640003
0,push-back-v2,15000,3,0.6002496798837953
0,push-back-v2,15000,4,0.600390069291245
0,push-back-v2,15000,5,0.6007332163542147
0,push-back-v2,15000,6,0.5988147510737184
0,push-back-v2,15000,7,0.5999304669706532
0,push-back-v2,15000,8,0.6004094184004674
0,push-back-v2,15000,9,0.5997581506459032
0,push-back-v2,20000,0,0.8183133715928619
0,push-back-v2,20000,1,0.8178139106121015
0,push-back-v2,20000,2,0.8187261644260124
0,push-back-v2,20000,3,0.8186369031244713
0,push-back-v2,20000,4,0.8181413398058551
0,push-back-v2,20000,5,0.819155758902794
0,push-back-v2,20000,6,0.8168721418152034
0,push-back-v2,20000,7,0.8182562717302605
0,push-back-v2,20000,8,0.8189555020346718
0,push-back-v2,20000,9,0.8179509259700539
0,push-back-v2,25000,0,0.9894626223102123
0,push-back-v2,25000,1,0.9887792943094136
0,push-back-v2,25000,2,0.9906098414578294
0,push-back-v2,25000,3,0.9895997785710554
0,push-back-v2,25000,4,0.9893351133873711
0,push-back-v2,25000,5,0.990857883755763
0,push-back-v2,25000,6,0.9873673957462259
0,push-back-v2,25000,7,0.9894161663108347
0,push-back-v2,25000,8,0.9899179564093425
0,push-back-v2,25000,9,0.9894686030679021
0,push-back-v2,30000,0,1.178562604510981
0,push-back-v2,30000,1,1.1775853519206794
0,push-back-v2,30000,2,1.179428445859429
0,push-back-v2,30000,3,1.1795593963884925
0,push-back-v2,30000,4,1.178832396617311
0,push-back-v2,30000,5,1.1801851244961354
0,push-back-v2,30000,6,1.1757331515167158
0,push-back-v2,30000,7,1.1782390877213622
0,push-back-v2,30000,8,1.1789766565833095
0,push-back-v2,30000,9,1.1779932714471426
0,push-back-v2,35000,0,1.3810280829451624
0,push-back-v2,35000,1,1.3799377040767122
0,push-back-v2,35000,2,1.3811510667633913
0,push-back-v2,35000,3,1.3808045378431664
0,push-back-v2,35000,4,1.3801398833582788
0,push-back-v2,35000,5,1.3823936742755591
0,push-back-v2,35000,6,1.377202287953321
0,push-back-v2,35000,7,1.3788064478186601
0,push-back-v2,35000,8,1.381687816591747
0,push-back-v2,35000,9,1.3792869932987446
0,push-back-v2,40000,0,1.5968289948133767
0,push-back-v2,40000,1,1.599322172987159
0,push-back-v2,40000,2,1.5997146837488603
0,push-back-v2,40000,3,1.5997673489358197
0,push-back-v2,40000,4,1.5991578867613165
0,push-back-v2,40000,5,1.5993077527090178
0,push-back-v2,40000,6,1.5955843878000495
0,push-back-v2,40000,7,1.5972596169032989
0,push-back-v2,40000,8,1.6005642061229675
0,push-back-v2,40000,9,1.597283570668698
0,push-back-v2,45000,0,1.7750561741439526
0,push-back-v2,45000,1,1.7728819882727178
0,push-back-v2,45000,2,1.7783974453988292
0,push-back-v2,45000,3,1.775355589183783
0,push-back-v2,45000,4,1.774899117383898
0,push-back-v2,45000,5,1.776288139730239
0,push-back-v2,45000,6,1.773486112750809
0,push-back-v2,45000,7,1.7746992481371546
0,push-back-v2,45000,8,1.7766823160857856
0,push-back-v2,45000,9,1.77443317996415
0,push-back-v2,50000,0,1.9666585516365127
0,push-back-v2,50000,1,1.9663451954461344
0,push-back-v2,50000,2,1.9680651081151757
0,push-back-v2,50000,3,1.968276999682228
0,push-back-v2,50000,4,1.961841213522729
0,push-back-v2,50000,5,1.9692441623490442
0,push-back-v2,50000,6,1.9636323640842936
0,push-back-v2,50000,7,1.9672343370845982
0,push-back-v2,50000,8,1.9683362998020413
0,push-back-v2,50000,9,1.9663684375583603
0,push-back-v2,55000,0,2.1896519335401217
0,push-back-v2,55000,1,2.1881184009083117
0,push-back-v2,55000,2,2.184339754773227
0,push-back-v2,55000,3,2.1863490941367156
0,push-back-v2,55000,4,2.1887770137102995
0,push-back-v2,55000,5,2.185286065588727
0,push-back-v2,55000,6,2.1823912164453323
0,push-back-v2,55000,7,2.1813629164114867
0,push-back-v2,55000,8,2.188800275319983
0,push-back-v2,55000,9,2.1851522549416433
0,push-back-v2,60000,0,2.3460769451092416
0,push-back-v2,60000,1,2.344665920517522
0,push-back-v2,60000,2,2.34678300271671
0,push-back-v2,60000,3,2.343371541977212
0,push-back-v2,60000,4,2.342859344506303
0,push-back-v2,60000,5,2.3433917234211346
0,push-back-v2,60000,6,2.3338433108615595
0,push-back-v2,60000,7,2.346772124025015
0,push-back-v2,60000,8,2.3417782324662415
0,push-back-v2,60000,9,2.3437210010134533
0,push-back-v2,65000,0,2.52393737082591
0,push-back-v2,65000,1,2.527074819185115
0,push-back-v2,65000,2,2.5379105978309533
0,push-back-v2,65000,3,2.532527795954159
0,push-back-v2,65000,4,2.519479748513438
0,push-back-v2,65000,5,2.5336090375229134
0,push-back-v2,65000,6,2.5264776660911252
0,push-back-v2,65000,7,2.530412969125964
0,push-back-v2,65000,8,2.5309944527433856
0,push-back-v2,65000,9,2.529125969823832
0,push-back-v2,70000,0,2.7124899845053085
0,push-back-v2,70000,1,2.7138174390953393
0,push-back-v2,70000,2,2.7073946345853197
0,push-back-v2,70000,3,2.714399940749119
0,push-back-v2,70000,4,2.698156492274438
0,push-back-v2,70000,5,2.706141103049657
0,push-back-v2,70000,6,2.699878817100415
0,push-back-v2,70000,7,2.7063653427191565
0,push-back-v2,70000,8,2.7058745743771433
0,push-back-v2,70000,9,2.711725771869372
0,push-back-v2,75000,0,2.8900961033828376
0,push-back-v2,75000,1,2.8931186134315254
0,push-back-v2,75000,2,2.8974499193565877
0,push-back-v2,75000,3,2.891262634582704
0,push-back-v2,75000,4,2.8883628968546304
0,push-back-v2,75000,5,2.887976179461574
0,push-back-v2,75000,6,2.889343366864212
0,push-back-v2,75000,7,2.890889902740902
0,push-back-v2,75000,8,2.898935296708241
0,push-back-v2,75000,9,2.8822774260336526
0,push-back-v2,80000,0,3.0909645890194333
0,push-back-v2,80000,1,3.093013038928549
0,push-back-v2,80000,2,3.102168396043053
0,push-back-v2,80000,3,3.108270145308953
0,push-back-v2,80000,4,3.0988007092822927
0,push-back-v2,80000,5,3.0962654411267296
0,push-back-v2,80000,6,3.0876782614385507
0,push-back-v2,80000,7,3.0914945236328832
0,push-back-v2,80000,8,3.1008495973194083
0,push-back-v2,80000,9,3.0827946001953186
0,push-back-v2,85000,0,3.2718472334470032
0,push-back-v2,85000,1,3.2828716356726595
0,push-back-v2,85000,2,3.2818392797230262
0,push-back-v2,85000,3,3.2753601232896066
0,push-back-v2,85000,4,3.2799580691795778
0,push-back-v2,85000,5,3.282153351329171
0,push-back-v2,85000,6,3.2646646321580453
0,push-back-v2,85000,7,3.2767363570402193
0,push-back-v2,85000,8,3.2768953403301895
0,push-back-v2,85000,9,3.273095691975248
0,push-back-v2,90000,0,3.4704119175723456
0,push-back-v2,90000,1,3.4761773026982716
0,push-back-v2,90000,2,3.47824315725244
0,push-back-v2,90000,3,3.480036498013196
0,push-back-v2,90000,4,3.4751315908373055
0,push-back-v2,90000,5,3.477757301097002
0,push-back-v2,90000,6,3.4829334808587897
0,push-back-v2,90000,7,3.4737818964902445
0,push-back-v2,90000,8,3.473577841482357
0,push-back-v2,90000,9,3.466897196854924
0,push-back-v2,95000,0,3.5962092754101613
0,push-back-v2,95000,1,3.601475214084102
0,push-back-v2,95000,2,3.611243516199466
0,push-back-v2,95000,3,3.604647465181227
0,push-back-v2,95000,4,3.603570068490122
0,push-back-v2,95000,5,3.6041860860889092
0,push-back-v2,95000,6,3.603393955181434
0,push-back-v2,95000,7,3.6007984973631153
0,push-back-v2,95000,8,3.6056858557065325
0,push-back-v2,95000,9,3.6069770496776403
0,push-back-v2,100000,0,3.7850277091859112
0,push-back-v2,100000,1,3.7946888061026636
0,push-back-v2,100000,2,3.792835956302367
0,push-back-v2,100000,3,3.7978213909573055
0,push-back-v2,100000,4,3.801308677992081
0,push-back-v2,100000,5,3.800806134761116
0,push-back-v2,100000,6,3.7912728138290612
0,push-back-v2,100000,7,3.794389803582801
0,push-back-v2,100000,8,3.803107909497251
0,push-back-v2,100000,9,3.791588369939506
0,reach-v2,0,0,0.08048070727703013
0,reach-v2,0,1,0.08048072721465219
0,reach-v2,0,2,0.08048070114187372
0,reach-v2,0,3,0.08048071082137062
0,reach-v2,0,4,0.08048070462369479
0,reach-v2,0,5,0.08048070797019904
0,reach-v2,0,6,0.08048071807813335
0,reach-v2,0,7,0.08048072160869421
0,reach-v2,0,8,0.08048070914825896
0,reach-v2,0,9,0.08048071183038072
0,reach-v2,5000,0,0.24086494198659317
0,reach-v2,5000,1,0.24017635146048005
0,reach-v2,5000,2,0.24050119700788372
0,reach-v2,5000,3,0.24072484048328038
0,reach-v2,5000,4,0.24056979809561083
0,reach-v2,5000,5,0.24031123803734855
0,reach-v2,5000,6,0.24059728377823772
0,reach-v2,5000,7,0.2410457918411209
0,reach-v2,5000,8,0.24126465160529084
0,reach-v2,5000,9,0.24042312767568055
0,reach-v2,10000,0,0.43114176739027565
0,reach-v2,10000,1,0.42930458723963794
0,reach-v2,10000,2,0.4308647872880028
0,reach-v2,10000,3,0.4311518806588782
0,reach-v2,10000,4,0.4305160297093867
0,reach-v2,10000,5,0.4300712997073485
0,reach-v2,10000,6,0.4292114354770827
0,reach-v2,10000,7,0.4301011986002885
0,reach-v2,10000,8,0.43151748775739335
0,reach-v2,10000,9,0.42973179880952034
0,reach-v2,15000,0,0.5941470121826264
0,reach-v2,15000,1,0.5967344983568116
0,reach-v2,15000,2,0.5966375274529951
0,reach-v2,15000,3,0.5939101947797354
0,reach-v2,15000,4,0.5958253685663598
0,reach-v2,15000,5,0.5957262333816616
0,reach-v2,15000,6,0.5928689958650738
0,reach-v2,15000,7,0.5953497474501963
0,reach-v2,15000,8,0.5953315980727771
0,reach-v2,15000,9,0.5950187419573396
0,reach-v2,20000,0,0.7741312380441587
0,reach-v2,20000,1,0.7705632405132457
0,reach-v2,20000,2,0.7727127523407286
0,reach-v2,20000,3,0.7741684121817433
0,reach-v2,20000,4,0.7729842624278533
0,reach-v2,20000,5,0.7734416792215408
0,reach-v2,20000,6,0.7712837881094421
0,reach-v2,20000,7,0.7723637105310183
0,reach-v2,20000,8,0.7719474723913369
0,reach-v2,20000,9,0.7745810088519894
0,reach-v2,25000,0,0.9928009106595812
0,reach-v2,25000,1,0.9885373957112125
0,reach-v2,25000,2,0.9903399738885532
0,reach-v2,25000,3,0.9897725985280976
0,reach-v2,25000,4,0.9902216576471031
0,reach-v2,25000,5,0.992918030117588
0,reach-v2,25000,6,0.9909815124721113
0,reach-v2,25000,7,0.9866349579860871
0,reach-v2,25000,8,0.9942384219460073
0,reach-v2,25000,9,0.9899009113070162
0,reach-v2,30000,0,1.186344566918318
0,reach-v2,30000,1,1.185551666859869
0,reach-v2,30000,2,1.1860222848966189
0,reach-v2,30000,3,1.1822589033693203
0,reach-v2,30000,4,1.1839112144130883
0,reach-v2,30000,5,1.1861410495639193
0,reach-v2,30000,6,1.1835692350727436
0,reach-v2,30000,7,1.1818994538573964
0,reach-v2,30000,8,1.1823007610218392
0,reach-v2,30000,9,1.1868820137268787
0,reach-v2,35000,0,1.4057199612832427
0,reach-v2,35000,1,1.4028496814854343
0,reach-v2,35000,2,1.4046746977978937
0,reach-v2,35000,3,1.407310865096074
0,reach-v2,35000,4,1.4067317336157015
0,reach-v2,35000,5,1.4028435309199356
0,reach-v2,35000,6,1.399629513877219
0,reach-v2,35000,7,1.398943564392749
0,reach-v2,35000,8,1.3991979497886025
0,reach-v2,35000,9,1.4034236878219464
0,reach-v2,40000,0,1.5649065304038179
0,reach-v2,40000,1,1.5612338601709708
0,reach-v2,40000,2,1.5611921011996697
0,reach-v2,40000,3,1.5701475332426889
0,reach-v2,40000,4,1.5573305332902247
0,reach-v2,40000,5,1.5642350430970717
0,reach-v2,40000,6,1.5589450514303709
0,reach-v2,40000,7,1.5631409549262378
0,reach-v2,40000,8,1.5608157346723295
0,reach-v2,40000,9,1.561549625658434
0,reach-v2,45000,0,1.7603740754572574
0,reach-v2,45000,1,1.7592351453281252
0,reach-v2,45000,2,1.7663431435857386
0,reach-v2,45000,3,1.7640441493477435
0,reach-v2,45000,4,1.7671807224282736
0,reach-v2,45000,5,1.7682194108826559
0,reach-v2,45000,6,1.7614000652890938
0,reach-v2,45000,7,1.7626809139702704
0,reach-v2,45000,8,1.7621193862778959
0,reach-v2,45000,9,1.7581362198712565
0,reach-v2,50000,0,1.9516943893108438
0,reach-v2,50000,1,1.9490758248518345
0,reach-v2,50000,2,1.9432881998884515
0,reach-v2,50000,3,1.9529758715792775
0,reach-v2,50000,4,1.9554490287596962
0,reach-v2,50000,5,1.9519847169394364
0,reach-v2,50000,6,1.9434947339106259
0,reach-v2,50000,7,1.9501065926860754
0,reach-v2,50000,8,1.948334700179758
0,reach-v2,50000,9,1.9528023461813642
0,reach-v2,55000,0,2.157229492045208
0,reach-v2,55000,1,2.1594773121916506
0,reach-v2,55000,2,2.167533689569521
0,reach-v2,55000,3,2.1657594810086285
0,reach-v2,55000,4,2.1547188542594746
0,reach-v2,55000,5,2.16481356820266
0,reach-v2,55000,6,2.1559029140077164
0,reach-v2,55000,7,2.151928809398362
0,reach-v2,55000,8,2.1536083104848727
0,reach-v2,55000,9,2.1627395975440646
0,reach-v2,60000,0,2.3474469334795085
0,reach-v2,60000,1,2.3775764254611653
0,reach-v2,60000,2,2.364349508391504
0,reach-v2,60000,3,2.345579150418903
0,reach-v2,60000,4,2.348071412451382
0,reach-v2,60000,5,2.3564424478694392
0,reach-v2,60000,6,2.34376703698511
0,reach-v2,60000,7,2.3411237694758036
0,reach-v2,60000,8,2.3565886934367843
0,reach-v2,60000,9,2.34365808070743
0,reach-v2,65000,0,2.5385282141956136
0,reach-v2,65000,1,2.5293333144894876
0,reach-v2,65000,2,2.542905453195842
0,reach-v2,65000,3,2.5304802571987692
0,reach-v2,65000,4,2.5309163978943263
0,reach-v2,65000,5,2.5383824043996186
0,reach-v2,65000,6,2.5395493585314934
0,reach-v2,65000,7,2.53429365341098
0,reach-v2,65000,8,2.5319566657368333
0,reach-v2,65000,9,2.5258432735433436
0,reach-v2,70000,0,2.7082183067933108
0,reach-v2,70000,1,2.71406108314632
0,reach-v2,70000,2,2.7192253369517996
0,reach-v2,70000,3,2.7251381227845215
0,reach-v2,70000,4,2.7225725432905796
0,reach-v2,70000,5,2.7217539341988255
0,reach-v2,70000,6,2.7217479310427444
0,reach-v2,70000,7,2.714271630627035
0,reach-v2,70000,8,2.7227126439268616
0,reach-v2,70000,9,2.713424666180564
0,reach-v2,75000,0,2.92551652653349
0,reach-v2,75000,1,2.9226760787767914
0,reach-v2,75000,2,2.939497914152272
0,reach-v2,75000,3,2.9334919123317227
0,reach-v2,75000,4,2.9278061843942087
0,reach-v2,75000,5,2.9273908932600734
0,reach-v2,75000,6,2.916068656861981
0,reach-v2,75000,7,2.9207118040990436
0,reach-v2,75000,8,2.927177985701276
0,reach-v2,75000,9,2.923990907401817
0,reach-v2,80000,0,3.1159914239144824
0,reach-v2,80000,1,3.113499899148868
0,reach-v2,80000,2,3.1211901388882906
0,reach-v2,80000,3,3.1136198672357125
0,reach-v2,80000,4,3.1119879736952547
0,reach-v2,80000,5,3.117009809298658
0,reach-v2,80000,6,3.1057753327184963
0,reach-v2,80000,7,3.10823731957764
0,reach-v2,80000,8,3.11100270707614
0,reach-v2,80000,9,3.104941485158861
0,reach-v2,85000,0,3.29968095113866
0,reach-v2,85000,1,3.2834914227478382
0,reach-v2,85000,2,3.3006066828727536
0,reach-v2,85000,3,3.3006910411881045
0,reach-v2,85000,4,3.306423990619952
0,reach-v2,85000,5,3.3042710521844425
0,reach-v2,85000,6,3.2890457283735124
0,reach-v2,85000,7,3.298797818853414
0,reach-v2,85000,8,3.2994246648978596
0,reach-v2,85000,9,3.3015836272844936
0,reach-v2,90000,0,3.4357567166677567
0,reach-v2,90000,1,3.414119743275501
0,reach-v2,90000,2,3.4304463587072545
0,reach-v2,90000,3,3.4490888196496083
0,reach-v2,90000,4,3.4316415587564606
0,reach-v2,90000,5,3.4509902938533537
0,reach-v2,90000,6,3.4433706222239544
0,reach-v2,90000,7,3.4299247520826825
0,reach-v2,90000,8,3.454958771658226
0,reach-v2,90000,9,3.4329194471237505
0,reach-v2,95000,0,3.6045581373218356
0,reach-v2,95000,1,3.614278672662126
0,reach-v2,95000,2,3.619525597860015
0,reach-v2,95000,3,3.6000114823011256
0,reach-v2,95000,4,3.615788187484301
0,reach-v2,95000,5,3.598919511657643
0,reach-v2,95000,6,3.5982311918295435
0,reach-v2,95000,7,3.594505502297132
0,reach-v2,95000,8,3.6008128396231482
0,reach-v2,95000,9,3.5995455148626814
0,reach-v2,100000,0,3.826419521330119
0,reach-v2,100000,1,3.8260145736956557
0,reach-v2,100000,2,3.8461984701074012
0,reach-v2,100000,3,3.8279799949542213
0,reach-v2,100000,4,3.8140871191353853
0,reach-v2,100000,5,3.837859818684687
0,reach-v2,100000,6,3.8367982130641654
0,reach-v2,100000,7,3.8294679485727103
0,reach-v2,100000,8,3.811069464062167
0,reach-v2,100000,9,3.815903631674235
0,reach-wall-v2,0,0,0.08008676554282622
0,reach-wall-v2,0,1,0.08008676709047088
0,reach-wall-v2,0,2,0.08008676283576217
0,reach-wall-v2,0,3,0.08008679177211463
0,reach-wall-v2,0,4,0.08008677760242802
0,reach-wall-v2,0,5,0.08008676299946654
0,reach-wall-v2,0,6,0.08008676782010675
0,reach-wall-v2,0,7,0.08008677991373929
0,reach-wall-v2,0,8,0.08008693997442622
0,reach-wall-v2,0,9,0.08008676179645172
0,reach-wall-v2,5000,0,0.22640630804348957
0,reach-wall-v2,5000,1,0.22532122672447147
0,reach-wall-v2,5000,2,0.22540348291808707
0,reach-wall-v2,5000,3,0.22600894939789673
0,reach-wall-v2,5000,4,0.22602128396053559
0,reach-wall-v2,5000,5,0.2261306538575532
0,reach-wall-v2,5000,6,0.22606143451958546
0,reach-wall-v2,5000,7,0.22629282366055983
0,reach-wall-v2,5000,8,0.22665410505039002
0,reach-wall-v2,5000,9,0.22579790407118094
0,reach-wall-v2,10000,0,0.4239342695707533
0,reach-wall-v2,10000,1,0.4218503955423327
0,reach-wall-v2,10000,2,0.4226998720600402
0,reach-wall-v2,10000,3,0.42330797163369865
0,reach-wall-v2,10000,4,0.422683354601028
0,reach-wall-v2,10000,5,0.42294431247382414
0,reach-wall-v2,10000,6,0.42154203769905557
0,reach-wall-v2,10000,7,0.42291297065355876
0,reach-wall-v2,10000,8,0.4240221113658952
0,reach-wall-v2,10000,9,0.42230415991322645
0,reach-wall-v2,15000,0,0.5960784661867915
0,reach-wall-v2,15000,1,0.5918036513768989
0,reach-wall-v2,15000,2,0.5967371078420824
0,reach-wall-v2,15000,3,0.5930525021004435
0,reach-wall-v2,15000,4,0.5953839251998467
0,reach-wall-v2,15000,5,0.5949416372264578
0,reach-wall-v2,15000,6,0.5939910037084777
0,reach-wall-v2,15000,7,0.5957549368625861
0,reach-wall-v2,15000,8,0.5985696133405805
0,reach-wall-v2,15000,9,0.5951255049355232
0,reach-wall-v2,20000,0,0.7790599623519718
0,reach-wall-v2,20000,1,0.7772662687831168
0,reach-wall-v2,20000,2,0.7794369922538148
0,reach-wall-v2,20000,3,0.7784531270473343
0,reach-wall-v2,20000,4,0.7774857754607603
0,reach-wall-v2,20000,5,0.7773993661487559
0,reach-wall-v2,20000,6,0.7763214345395009
0,reach-wall-v2,20000,7,0.7773891080487159
0,reach-wall-v2,20000,8,0.7797467834519396
0,reach-wall-v2,20000,9,0.7776996675606287
0,reach-wall-v2,25000,0,0.9892857140905637
0,reach-wall-v2,25000,1,0.9886590100777081
0,reach-wall-v2,25000,2,0.9940239764096858
0,reach-wall-v2,25000,3,0.9931114590304342
0,reach-wall-v2,25000,4,0.9928942934455276
0,reach-wall-v2,25000,5,0.996415245535924
0,reach-wall-v2,25000,6,0.9882391877735804
0,reach-wall-v2,25000,7,0.991177757506953
0,reach-wall-v2,25000,8,0.9924872635923144
0,reach-wall-v2,25000,9,0.9908052553261883
0,reach-wall-v2,30000,0,1.1765394535769056
0,reach-wall-v2,30000,1,1.172481096271571
0,reach-wall-v2,30000,2,1.1718809786226507
0,reach-wall-v2,30000,3,1.1773845798010865
0,reach-wall-v2,30000,4,1.1730050587409036
0,reach-wall-v2,30000,5,1.1759940732764254
0,reach-wall-v2,30000,6,1.1694040567280746
0,reach-wall-v2,30000,7,1.1734660399677324
0,reach-wall-v2,30000,8,1.174381711253897
0,reach-wall-v2,30000,9,1.1714544817987338
0,reach-wall-v2,35000,0,1.3694215343003249
0,reach-wall-v2,35000,1,1.3705915595678504
0,reach-wall-v2,35000,2,1.373910420046881
0,reach-wall-v2,35000,3,1.3656930378781278
0,reach-wall-v2,35000,4,1.3668773645536527
0,reach-wall-v2,35000,5,1.366720480017646
0,reach-wall-v2,35000,6,1.362083012238306
0,reach-wall-v2,35000,7,1.364972842093935
0,reach-wall-v2,35000,8,1.3732294697796725
0,reach-wall-v2,35000,9,1.3737463498510782
0,reach-wall-v2,40000,0,1.578568137312806
0,reach-wall-v2,40000,1,1.5795999543797086
0,reach-wall-v2,40000,2,1.578834914921795
0,reach-wall-v2,40000,3,1.582690923642681
0,reach-wall-v2,40000,4,1.5781271801334051
0,reach-wall-v2,40000,5,1.5855674361578833
0,reach-wall-v2,40000,6,1.5797839603044324
0,reach-wall-v2,40000,7,1.5750911116291364
0,reach-wall-v2,40000,8,1.5854589900866392
0,reach-wall-v2,40000,9,1.5749814646321283
0,reach-wall-v2,45000,0,1.7833156862808952
0,reach-wall-v2,45000,1,1.7731242438112431
0,reach-wall-v2,45000,2,1.779243418486879
0,reach-wall-v2,45000,3,1.778006733178985
0,reach-wall-v2,45000,4,1.7707955014497732
0,reach-wall-v2,45000,5,1.7726801963198668
0,reach-wall-v2,45000,6,1.7801263654029342
0,reach-wall-v2,45000,7,1.7720115499771554
0,reach-wall-v2,45000,8,1.7803931564435207
0,reach-wall-v2,45000,9,1.776999568850625
0,reach-wall-v2,50000,0,1.963895368089282
0,reach-wall-v2,50000,1,1.961177897351714
0,reach-wall-v2,50000,2,1.9643569278657955
0,reach-wall-v2,50000,3,1.9643977238737647
0,reach-wall-v2,50000,4,1.963701083389405
0,reach-wall-v2,50000,5,1.9567061468881248
0,reach-wall-v2,50000,6,1.952981445591816
0,reach-wall-v2,50000,7,1.9591077894984885
0,reach-wall-v2,50000,8,1.9699677331645002
0,reach-wall-v2,50000,9,1.9683413430444612
0,reach-wall-v2,55000,0,2.163983883500847
0,reach-wall-v2,55000,1,2.164741945907752
0,reach-wall-v2,55000,2,2.1615433512001476
0,reach-wall-v2,55000,3,2.168746099706221
0,reach-wall-v2,55000,4,2.160179575033261
0,reach-wall-v2,55000,5,2.166379292454604
0,reach-wall-v2,55000,6,2.159742310558805
0,reach-wall-v2,55000,7,2.158935459390142
0,reach-wall-v2,55000,8,2.1649754712002625
0,reach-wall-v2,55000,9,2.1525718733449306
0,reach-wall-v2,60000,0,2.34550017761576
0,reach-wall-v2,60000,1,2.3463358688462748
0,reach-wall-v2,60000,2,2.350577776316328
0,reach-wall-v2,60000,3,2.344065530511056
0,reach-wall-v2,60000,4,2.3330918424320677
0,reach-wall-v2,60000,5,2.3477100760954763
0,reach-wall-v2,60000,6,2.342930988462113
0,reach-wall-v2,60000,7,2.3460094220455576
0,reach-wall-v2,60000,8,2.342476261514054
0,reach-wall-v2,60000,9,2.3416728972972027
0,reach-wall-v2,65000,0,2.537882230710726
0,reach-wall-v2,65000,1,2.53953198179451
0,reach-wall-v2,65000,2,2.541547240109344
0,reach-wall-v2,65000,3,2.544951354954477
0,reach-wall-v2,65000,4,2.5478758463177376
0,reach-wall-v2,65000,5,2.5422816851923806
0,reach-wall-v2,65000,6,2.5295359426791655
0,reach-wall-v2,65000,7,2.5408591275217502
0,reach-wall-v2,65000,8,2.545019273704182
0,reach-wall-v2,65000,9,2.544085388641571
0,reach-wall-v2,70000,0,2.7463151419412406
0,reach-wall-v2,70000,1,2.7261471268604613
0,reach-wall-v2,70000,2,2.7474207886590043
0,reach-wall-v2,70000,3,2.7480125284822976
0,reach-wall-v2,70000,4,2.7265892807004497
0,reach-wall-v2,70000,5,2.744321409268459
0,reach-wall-v2,70000,6,2.7328100856063577
0,reach-wall-v2,70000,7,2.723067555638134
0,reach-wall-v2,70000,8,2.73842591895514
0,reach-wall-v2,70000,9,2.745699116897098
0,reach-wall-v2,75000,0,2.9240050782862443
0,reach-wall-v2,75000,1,2.934106845566093
0,reach-wall-v2,75000,2,2.925507430901996
0,reach-wall-v2,75000,3,2.938051750540987
0,reach-wall-v2,75000,4,2.931545544594243
0,reach-wall-v2,75000,5,2.923528104607861
0,reach-wall-v2,75000,6,2.9152008587717315
0,reach-wall-v2,75000,7,2.9241998224720067
0,reach-wall-v2,75000,8,2.9379904191607196
0,reach-wall-v2,75000,9,2.924422296729964
0,reach-wall-v2,80000,0,3.081651096012898
0,reach-wall-v2,80000,1,3.083051588735612
0,reach-wall-v2,80000,2,3.1006381670070504
0,reach-wall-v2,80000,3,3.0846302088661703
0,reach-wall-v2,80000,4,3.0933342305301896
0,reach-wall-v2,80000,5,3.0751705915221645
0,reach-wall-v2,80000,6,3.0920353484924012
0,reach-wall-v2,80000,7,3.09710625431836
0,reach-wall-v2,80000,8,3.0909090865414637
0,reach-wall-v2,80000,9,3.0859006348099833
0,reach-wall-v2,85000,0,3.276244677156992
0,reach-wall-v2,85000,1,3.281814164380146
0,reach-wall-v2,85000,2,3.301015221521789
0,reach-wall-v2,85000,3,3.284351613923304
0,reach-wall-v2,85000,4,3.2945469775146483
0,reach-wall-v2,85000,5,3.287723587467957
0,reach-wall-v2,85000,6,3.3019111971673225
0,reach-wall-v2,85000,7,3.286693076316679
0,reach-wall-v2,85000,8,3.286989942589706
0,reach-wall-v2,85000,9,3.2837284198704855
0,reach-wall-v2,90000,0,3.4309257623078784
0,reach-wall-v2,90000,1,3.4544061979586864
0,reach-wall-v2,90000,2,3.448899703593946
0,reach-wall-v2,90000,3,3.465395042396009
0,reach-wall-v2,90000,4,3.4471592682270207
0,reach-wall-v2,90000,5,3.4594673158798144
0,reach-wall-v2,90000,6,3.4462535179773046
0,reach-wall-v2,90000,7,3.453971520725746
0,reach-wall-v2,90000,8,3.424208604659366
0,reach-wall-v2,90000,9,3.440002928329011
0,reach-wall-v2,95000,0,3.6124180450371295
0,reach-wall-v2,95000,1,3.6227107511129013
0,reach-wall-v2,95000,2,3.610323210842109
0,reach-wall-v2,95000,3,3.6033445911778172
0,reach-wall-v2,95000,4,3.5917005899003738
0,reach-wall-v2,95000,5,3.610310186035751
0,reach-wall-v2,95000,6,3.6158758238687803
0,reach-wall-v2,95000,7,3.612665696262407
0,reach-wall-v2,95000,8,3.620999859430039
0,reach-wall-v2,95000,9,3.5960198920367987
0,reach-wall-v2,100000,0,3.787531501395744
0,reach-wall-v2,100000,1,3.8096970162312473
0,reach-wall-v2,100000,2,3.8114166866204853
0,reach-wall-v2,100000,3,3.7971296525214697
0,reach-wall-v2,100000,4,3.77816266019227
0,reach-wall-v2,100000,5,3.8120018897035273
0,reach-wall-v2,100000,6,3.7927321387199586
0,reach-wall-v2,100000,7,3.7893121923781448
0,reach-wall-v2,100000,8,3.8031169338736572
0,reach-wall-v2,100000,9,3.7975966163144648
