task,test_ind,rep,w1
coffee-button-v2,0,0,0.0801238557850512
coffee-button-v2,0,1,0.0801238558100137
coffee-button-v2,0,2,0.0801238557991364
coffee-button-v2,0,3,0.08012385579674
coffee-button-v2,0,4,0.0801238583798972
coffee-button-v2,0,5,0.0801238558048303
coffee-button-v2,0,6,0.0801238557877129
coffee-button-v2,0,7,0.0801238557972819
coffee-button-v2,0,8,0.0801238557924281
coffee-button-v2,0,9,0.0801238557985334
coffee-button-v2,5000,0,0.2309241256326698
coffee-button-v2,5000,1,0.2299286730336044
coffee-button-v2,5000,2,0.2303525811261889
coffee-button-v2,5000,3,0.2304537561811177
coffee-button-v2,5000,4,0.2304481615272653
coffee-button-v2,5000,5,0.2303133345414872
coffee-button-v2,5000,6,0.2297291246945464
coffee-button-v2,5000,7,0.2301722921197194
coffee-button-v2,5000,8,0.2306711533907383
coffee-button-v2,5000,9,0.2298894269859893
coffee-button-v2,10000,0,0.4329312371313165
coffee-button-v2,10000,1,0.4311400526749628
coffee-button-v2,10000,2,0.4320170989697509
coffee-button-v2,10000,3,0.4325021780290511
coffee-button-v2,10000,4,0.4323010210888147
coffee-button-v2,10000,5,0.4319222522483192
coffee-button-v2,10000,6,0.4305680732518034
coffee-button-v2,10000,7,0.4325150594781604
coffee-button-v2,10000,8,0.4335851328056502
coffee-button-v2,10000,9,0.4313492411531409
coffee-button-v2,15000,0,0.6289155082438077
coffee-button-v2,15000,1,0.6282835900658119
coffee-button-v2,15000,2,0.6307964955213451
coffee-button-v2,15000,3,0.6304243634041646
coffee-button-v2,15000,4,0.6306505050448086
coffee-button-v2,15000,5,0.630575359792754
coffee-button-v2,15000,6,0.6290519252167516
coffee-button-v2,15000,7,0.6299136074375975
coffee-button-v2,15000,8,0.6305631375695214
coffee-button-v2,15000,9,0.6303478857183692
coffee-button-v2,20000,0,0.7987844790154507
coffee-button-v2,20000,1,0.7997569229865743
coffee-button-v2,20000,2,0.8003261713987624
coffee-button-v2,20000,3,0.7999587147379636
coffee-button-v2,20000,4,0.7997049791813968
coffee-button-v2,20000,5,0.800464255573384
coffee-button-v2,20000,6,0.7972301975700863
coffee-button-v2,20000,7,0.7976507274690149
coffee-button-v2,20000,8,0.8000794660828158
coffee-button-v2,20000,9,0.7997968280104111
coffee-button-v2,25000,0,0.9946229334421012
coffee-button-v2,25000,1,0.995240123122373
coffee-button-v2,25000,2,0.9936551825058444
coffee-button-v2,25000,3,0.9961676878864764
coffee-button-v2,25000,4,0.9946037161152312
coffee-button-v2,25000,5,0.9940074840127918
coffee-button-v2,25000,6,0.9915657026489072
coffee-button-v2,25000,7,0.9954427494286824
coffee-button-v2,25000,8,0.9963178752675566
coffee-button-v2,25000,9,0.995167985824156
coffee-button-v2,30000,0,1.1981604679594648
coffee-button-v2,30000,1,1.1942805973401247
coffee-button-v2,30000,2,1.195133270197779
coffee-button-v2,30000,3,1.1975312256050945
coffee-button-v2,30000,4,1.196090663592918
coffee-button-v2,30000,5,1.1941716443298678
coffee-button-v2,30000,6,1.192344864441369
coffee-button-v2,30000,7,1.1928549464235727
coffee-button-v2,30000,8,1.196740710034735
coffee-button-v2,30000,9,1.1961011315044965
coffee-button-v2,35000,0,1.3862527029386684
coffee-button-v2,35000,1,1.384964491307617
coffee-button-v2,35000,2,1.386470306156695
coffee-button-v2,35000,3,1.3867332094708555
coffee-button-v2,35000,4,1.3841499854598631
coffee-button-v2,35000,5,1.3861967045082502
coffee-button-v2,35000,6,1.3785318332273304
coffee-button-v2,35000,7,1.3806695459526588
coffee-button-v2,35000,8,1.3845483850813898
coffee-button-v2,35000,9,1.381329596075307
coffee-button-v2,40000,0,1.5867361964820554
coffee-button-v2,40000,1,1.5867092694700846
coffee-button-v2,40000,2,1.5889178069419956
coffee-button-v2,40000,3,1.5924202225786035
coffee-button-v2,40000,4,1.590557659309796
coffee-button-v2,40000,5,1.5878077200463547
coffee-button-v2,40000,6,1.58117296769004
coffee-button-v2,40000,7,1.5835171887651327
coffee-button-v2,40000,8,1.5946258765104897
coffee-button-v2,40000,9,1.5845648692607228
coffee-button-v2,45000,0,1.7955647787978857
coffee-button-v2,45000,1,1.7943617823098954
coffee-button-v2,45000,2,1.8009766259605258
coffee-button-v2,45000,3,1.8000328326644317
coffee-button-v2,45000,4,1.7986787553958672
coffee-button-v2,45000,5,1.7981636319380538
coffee-button-v2,45000,6,1.79764647515082
coffee-button-v2,45000,7,1.7973826151647383
coffee-button-v2,45000,8,1.7948242661613485
coffee-button-v2,45000,9,1.7923511867106734
coffee-button-v2,50000,0,1.9886776984010524
coffee-button-v2,50000,1,1.9924148202936085
coffee-button-v2,50000,2,1.989430505458103
coffee-button-v2,50000,3,1.9908002867517087
coffee-button-v2,50000,4,1.9893677657534967
coffee-button-v2,50000,5,1.9898723933152245
coffee-button-v2,50000,6,1.985526030174576
coffee-button-v2,50000,7,1.9798905801240776
coffee-button-v2,50000,8,1.991807602053916
coffee-button-v2,50000,9,1.9925453929342072
coffee-button-v2,55000,0,2.173111681122782
coffee-button-v2,55000,1,2.175638033049576
coffee-button-v2,55000,2,2.1779125925847653
coffee-button-v2,55000,3,2.175436580575109
coffee-button-v2,55000,4,2.169631236345439
coffee-button-v2,55000,5,2.1737462656529325
coffee-button-v2,55000,6,2.1687131571307803
coffee-button-v2,55000,7,2.1796788610878237
coffee-button-v2,55000,8,2.182456215478558
coffee-button-v2,55000,9,2.1709498294428538
coffee-button-v2,60000,0,2.38397272729006
coffee-button-v2,60000,1,2.377052117500143
coffee-button-v2,60000,2,2.384557198187123
coffee-button-v2,60000,3,2.3897611057636023
coffee-button-v2,60000,4,2.38308175941912
coffee-button-v2,60000,5,2.378171950709817
coffee-button-v2,60000,6,2.3852189264045007
coffee-button-v2,60000,7,2.374086433635443
coffee-button-v2,60000,8,2.38404572726732
coffee-button-v2,60000,9,2.380823530280524
coffee-button-v2,65000,0,2.5564667625835296
coffee-button-v2,65000,1,2.557258793546936
coffee-button-v2,65000,2,2.565767282166092
coffee-button-v2,65000,3,2.564937563945633
coffee-button-v2,65000,4,2.5499707260325835
coffee-button-v2,65000,5,2.55842728139071
coffee-button-v2,65000,6,2.55057621667217
coffee-button-v2,65000,7,2.556990859397007
coffee-button-v2,65000,8,2.560929688849048
coffee-button-v2,65000,9,2.547598746756711
coffee-button-v2,70000,0,2.744324482169469
coffee-button-v2,70000,1,2.747638254199924
coffee-button-v2,70000,2,2.749972710969728
coffee-button-v2,70000,3,2.756230123948964
coffee-button-v2,70000,4,2.7474392657060243
coffee-button-v2,70000,5,2.740737012099114
coffee-button-v2,70000,6,2.743177410729146
coffee-button-v2,70000,7,2.741058051705441
coffee-button-v2,70000,8,2.764133513889569
coffee-button-v2,70000,9,2.74793384768172
coffee-button-v2,75000,0,2.949113199052975
coffee-button-v2,75000,1,2.9506035212673694
coffee-button-v2,75000,2,2.9509028970793167
coffee-button-v2,75000,3,2.946574128558054
coffee-button-v2,75000,4,2.942280576280667
coffee-button-v2,75000,5,2.954971964196524
coffee-button-v2,75000,6,2.956991313234373
coffee-button-v2,75000,7,2.9506396785832485
coffee-button-v2,75000,8,2.9461834819177763
coffee-button-v2,75000,9,2.9406337535826004
coffee-button-v2,80000,0,3.1404277266807195
coffee-button-v2,80000,1,3.142404112311705
coffee-button-v2,80000,2,3.137187362921072
coffee-button-v2,80000,3,3.1402270231923617
coffee-button-v2,80000,4,3.147899178715033
coffee-button-v2,80000,5,3.140728100987864
coffee-button-v2,80000,6,3.150264774825721
coffee-button-v2,80000,7,3.1296608241715327
coffee-button-v2,80000,8,3.1456913570538028
coffee-button-v2,80000,9,3.14247977440518
coffee-button-v2,85000,0,3.317435089007788
coffee-button-v2,85000,1,3.320163833710391
coffee-button-v2,85000,2,3.329787507563669
coffee-button-v2,85000,3,3.31628371825476
coffee-button-v2,85000,4,3.3169039111327687
coffee-button-v2,85000,5,3.319555400018702
coffee-button-v2,85000,6,3.3125319856613125
coffee-button-v2,85000,7,3.3234971257656403
coffee-button-v2,85000,8,3.3272024420463504
coffee-button-v2,85000,9,3.307313292724072
coffee-button-v2,90000,0,3.511304853218812
coffee-button-v2,90000,1,3.5035240643646914
coffee-button-v2,90000,2,3.5119563720477966
coffee-button-v2,90000,3,3.5220852870037267
coffee-button-v2,90000,4,3.518695032212581
coffee-button-v2,90000,5,3.5102989990018147
coffee-button-v2,90000,6,3.514649510411978
coffee-button-v2,90000,7,3.505156206669648
coffee-button-v2,90000,8,3.5147593878736663
coffee-button-v2,90000,9,3.499581393621188
coffee-button-v2,95000,0,3.6628797762309713
coffee-button-v2,95000,1,3.66768791016566
coffee-button-v2,95000,2,3.676586480021544
coffee-button-v2,95000,3,3.666944303974541
coffee-button-v2,95000,4,3.6666856512199537
coffee-button-v2,95000,5,3.6703326626034913
coffee-button-v2,95000,6,3.664882363044887
coffee-button-v2,95000,7,3.669398341379832
coffee-button-v2,95000,8,3.6634777953764175
coffee-button-v2,95000,9,3.6620984522774753
coffee-button-v2,100000,0,3.858317943277057
coffee-button-v2,100000,1,3.864854842205334
coffee-button-v2,100000,2,3.87260899877926
coffee-button-v2,100000,3,3.8754374652199095
coffee-button-v2,100000,4,3.867182863784355
coffee-button-v2,100000,5,3.86594650938582
coffee-button-v2,100000,6,3.8621546889965424
coffee-button-v2,100000,7,3.8655475736450073
coffee-button-v2,100000,8,3.880172002975171
coffee-button-v2,100000,9,3.86622417083518
dial-turn-v2,0,0,0.1511996929478604
dial-turn-v2,0,1,0.1866634685342643
dial-turn-v2,0,2,0.1855753581063129
dial-turn-v2,0,3,0.1708934237086822
dial-turn-v2,0,4,0.1742273840887088
dial-turn-v2,0,5,0.1392631108510462
dial-turn-v2,0,6,0.153348111018515
dial-turn-v2,0,7,0.1396810057657423
dial-turn-v2,0,8,0.1453073119752965
dial-turn-v2,0,9,0.1417191068175285
dial-turn-v2,5000,0,0.2824618202257586
dial-turn-v2,5000,1,0.4227764006508166
dial-turn-v2,5000,2,0.3185950868412887
dial-turn-v2,5000,3,0.2833810658213073
dial-turn-v2,5000,4,0.3938954631812695
dial-turn-v2,5000,5,0.375518958874429
dial-turn-v2,5000,6,0.3205028726914608
dial-turn-v2,5000,7,0.3771305426509462
dial-turn-v2,5000,8,0.2885713270941987
dial-turn-v2,5000,9,0.4479911538291143
dial-turn-v2,10000,0,0.4324439391296659
dial-turn-v2,10000,1,0.455728345191294
dial-turn-v2,10000,2,0.4324544449859585
dial-turn-v2,10000,3,0.56053511361428
dial-turn-v2,10000,4,0.5049945871267749
dial-turn-v2,10000,5,0.614084001923097
dial-turn-v2,10000,6,0.5090412830250569
dial-turn-v2,10000,7,0.5321688853065718
dial-turn-v2,10000,8,0.5392128073173934
dial-turn-v2,10000,9,0.4318358947986672
dial-turn-v2,15000,0,0.6862431630058964
dial-turn-v2,15000,1,0.6884354982845267
dial-turn-v2,15000,2,0.6605186637213173
dial-turn-v2,15000,3,0.7270338533489566
dial-turn-v2,15000,4,0.7296881583378358
dial-turn-v2,15000,5,0.6419052794690963
dial-turn-v2,15000,6,0.6747144893640447
dial-turn-v2,15000,7,0.7476300594261454
dial-turn-v2,15000,8,0.7145430963451014
dial-turn-v2,15000,9,0.6224293361250591
dial-turn-v2,20000,0,0.824612013590495
dial-turn-v2,20000,1,0.7995616844261939
dial-turn-v2,20000,2,0.8180493022170635
dial-turn-v2,20000,3,0.8233901557196562
dial-turn-v2,20000,4,0.8258339724356395
dial-turn-v2,20000,5,0.8308054693857787
dial-turn-v2,20000,6,0.8307463478633021
dial-turn-v2,20000,7,0.9523748983378562
dial-turn-v2,20000,8,0.9275187268990036
dial-turn-v2,20000,9,0.8239651158194564
dial-turn-v2,25000,0,1.013012477472128
dial-turn-v2,25000,1,1.1344229796391174
dial-turn-v2,25000,2,1.115096755635261
dial-turn-v2,25000,3,1.124302720389831
dial-turn-v2,25000,4,1.0812077198239565
dial-turn-v2,25000,5,1.1342692832591434
dial-turn-v2,25000,6,1.0385659525703743
dial-turn-v2,25000,7,1.0574004942237067
dial-turn-v2,25000,8,1.0898929016151722
dial-turn-v2,25000,9,1.078549002239035
dial-turn-v2,30000,0,1.214863316466102
dial-turn-v2,30000,1,1.2520915616705988
dial-turn-v2,30000,2,1.204846558775483
dial-turn-v2,30000,3,1.238600786302542
dial-turn-v2,30000,4,1.224951214738504
dial-turn-v2,30000,5,1.22727922218959
dial-turn-v2,30000,6,1.2067591240456046
dial-turn-v2,30000,7,1.2339541420566014
dial-turn-v2,30000,8,1.2749764987237306
dial-turn-v2,30000,9,1.2285556980963297
dial-turn-v2,35000,0,1.411825982835116
dial-turn-v2,35000,1,1.4016563738067405
dial-turn-v2,35000,2,1.4359605544507243
dial-turn-v2,35000,3,1.593808272092298
dial-turn-v2,35000,4,1.5131003239423513
dial-turn-v2,35000,5,1.4210151767110375
dial-turn-v2,35000,6,1.4593958665093718
dial-turn-v2,35000,7,1.4102065026331057
dial-turn-v2,35000,8,1.5810879798011306
dial-turn-v2,35000,9,1.4067331550730615
dial-turn-v2,40000,0,1.5936836914531038
dial-turn-v2,40000,1,1.601053517720947
dial-turn-v2,40000,2,1.616866202148133
dial-turn-v2,40000,3,1.6369778710157554
dial-turn-v2,40000,4,1.5966701446099971
dial-turn-v2,40000,5,1.629191850527221
dial-turn-v2,40000,6,1.5978495725684314
dial-turn-v2,40000,7,1.632845441617068
dial-turn-v2,40000,8,1.5964927621442977
dial-turn-v2,40000,9,1.6055905428248656
dial-turn-v2,45000,0,1.841677738156314
dial-turn-v2,45000,1,1.847607691428799
dial-turn-v2,45000,2,1.8359693327309508
dial-turn-v2,45000,3,1.8616155640014065
dial-turn-v2,45000,4,1.861100110294028
dial-turn-v2,45000,5,1.8242604037493504
dial-turn-v2,45000,6,1.8379351492972684
dial-turn-v2,45000,7,1.86906551310736
dial-turn-v2,45000,8,1.8664963561389587
dial-turn-v2,45000,9,1.8137084922616784
dial-turn-v2,50000,0,2.01432775807554
dial-turn-v2,50000,1,1.997692068676247
dial-turn-v2,50000,2,2.0129266672459267
dial-turn-v2,50000,3,2.013041084578707
dial-turn-v2,50000,4,2.0133323519252877
dial-turn-v2,50000,5,2.0177156621036763
dial-turn-v2,50000,6,2.0152948139500126
dial-turn-v2,50000,7,2.072802484055749
dial-turn-v2,50000,8,2.06858879162634
dial-turn-v2,50000,9,2.0112360696321416
dial-turn-v2,55000,0,2.190071438483251
dial-turn-v2,55000,1,2.255657888823752
dial-turn-v2,55000,2,2.250844775495185
dial-turn-v2,55000,3,2.248451353793665
dial-turn-v2,55000,4,2.225545164669679
dial-turn-v2,55000,5,2.254023478620532
dial-turn-v2,55000,6,2.20037399226329
dial-turn-v2,55000,7,2.212293756726197
dial-turn-v2,55000,8,2.2267587396823862
dial-turn-v2,55000,9,2.220410649259039
dial-turn-v2,60000,0,2.381496750024552
dial-turn-v2,60000,1,2.4092573567258064
dial-turn-v2,60000,2,2.3852637216865515
dial-turn-v2,60000,3,2.397918930157613
dial-turn-v2,60000,4,2.389861761220996
dial-turn-v2,60000,5,2.4023046112102846
dial-turn-v2,60000,6,2.3829226990981915
dial-turn-v2,60000,7,2.39506150595911
dial-turn-v2,60000,8,2.418008757979123
dial-turn-v2,60000,9,2.394636051396717
dial-turn-v2,65000,0,2.5618381484651285
dial-turn-v2,65000,1,2.56369469719633
dial-turn-v2,65000,2,2.584339534139607
dial-turn-v2,65000,3,2.6725880338760515
dial-turn-v2,65000,4,2.627577999329918
dial-turn-v2,65000,5,2.571541980769394
dial-turn-v2,65000,6,2.5981277292388856
dial-turn-v2,65000,7,2.562726104305983
dial-turn-v2,65000,8,2.6743287406184675
dial-turn-v2,65000,9,2.560668408864102
dial-turn-v2,70000,0,2.7390624707905693
dial-turn-v2,70000,1,2.746600314071104
dial-turn-v2,70000,2,2.763579320502995
dial-turn-v2,70000,3,2.7712403453636503
dial-turn-v2,70000,4,2.750205129596524
dial-turn-v2,70000,5,2.7605906882700326
dial-turn-v2,70000,6,2.7450990897576637
dial-turn-v2,70000,7,2.7714743932370403
dial-turn-v2,70000,8,2.743871973778849
dial-turn-v2,70000,9,2.754473062266453
dial-turn-v2,75000,0,2.972730912447931
dial-turn-v2,75000,1,2.9778648296890275
dial-turn-v2,75000,2,2.973833859646081
dial-turn-v2,75000,3,2.995496745162897
dial-turn-v2,75000,4,2.984260930846866
dial-turn-v2,75000,5,2.969429962369966
dial-turn-v2,75000,6,2.976805507902501
dial-turn-v2,75000,7,2.991535127362286
dial-turn-v2,75000,8,2.9848607097138933
dial-turn-v2,75000,9,2.9607127440307317
dial-turn-v2,80000,0,3.1491138276877457
dial-turn-v2,80000,1,3.140133586779178
dial-turn-v2,80000,2,3.1485666206965184
dial-turn-v2,80000,3,3.151872692602882
dial-turn-v2,80000,4,3.1466158675926432
dial-turn-v2,80000,5,3.1531974789767205
dial-turn-v2,80000,6,3.153060330064428
dial-turn-v2,80000,7,3.190842833087917
dial-turn-v2,80000,8,3.1855475321952014
dial-turn-v2,80000,9,3.1507362646063086
dial-turn-v2,85000,0,3.3166356641753514
dial-turn-v2,85000,1,3.368600837962494
dial-turn-v2,85000,2,3.3680188095786234
dial-turn-v2,85000,3,3.358503591198907
dial-turn-v2,85000,4,3.338994953783021
dial-turn-v2,85000,5,3.364206206821547
dial-turn-v2,85000,6,3.32798554151464
dial-turn-v2,85000,7,3.334006310063077
dial-turn-v2,85000,8,3.3470131125828546
dial-turn-v2,85000,9,3.343210179025628
dial-turn-v2,90000,0,3.4897726618426934
dial-turn-v2,90000,1,3.5141194751151392
dial-turn-v2,90000,2,3.500861108835156
dial-turn-v2,90000,3,3.510514874033971
dial-turn-v2,90000,4,3.505221287583358
dial-turn-v2,90000,5,3.510530395571049
dial-turn-v2,90000,6,3.497716877191813
dial-turn-v2,90000,7,3.50538656404598
dial-turn-v2,90000,8,3.519414543499603
dial-turn-v2,90000,9,3.5023490178794447
dial-turn-v2,95000,0,3.650014956341906
dial-turn-v2,95000,1,3.657222709079644
dial-turn-v2,95000,2,3.676100377023967
dial-turn-v2,95000,3,3.735564715416288
dial-turn-v2,95000,4,3.704434718089381
dial-turn-v2,95000,5,3.6619880149384345
dial-turn-v2,95000,6,3.683585359825164
dial-turn-v2,95000,7,3.656835509950816
dial-turn-v2,95000,8,3.73950342142048
dial-turn-v2,95000,9,3.652022673799699
dial-turn-v2,100000,0,3.839115081345649
dial-turn-v2,100000,1,3.843617199434443
dial-turn-v2,100000,2,3.8634787033443967
dial-turn-v2,100000,3,3.8658744531446816
dial-turn-v2,100000,4,3.849222251252266
dial-turn-v2,100000,5,3.853203022112913
dial-turn-v2,100000,6,3.838088684271741
dial-turn-v2,100000,7,3.8616306721531024
dial-turn-v2,100000,8,3.842338483344559
dial-turn-v2,100000,9,3.850879177128511
door-unlock-v2,0,0,0.0794818154235817
door-unlock-v2,0,1,0.0794765994486055
door-unlock-v2,0,2,0.0794766996041168
door-unlock-v2,0,3,0.0795011166654703
door-unlock-v2,0,4,0.0794766515788573
door-unlock-v2,0,5,0.0794765996041477
door-unlock-v2,0,6,0.0794765994803271
door-unlock-v2,0,7,0.0794766709771056
door-unlock-v2,0,8,0.079476599409009
door-unlock-v2,0,9,0.0794769569626751
door-unlock-v2,5000,0,0.2309557403072408
door-unlock-v2,5000,1,0.2299964143117729
door-unlock-v2,5000,2,0.2303895649839351
door-unlock-v2,5000,3,0.2305499575737745
door-unlock-v2,5000,4,0.2306324224968657
door-unlock-v2,5000,5,0.2306658001668896
door-unlock-v2,5000,6,0.2302517557531491
door-unlock-v2,5000,7,0.2307226155352352
door-unlock-v2,5000,8,0.2310641971092166
door-unlock-v2,5000,9,0.2305869332432182
door-unlock-v2,10000,0,0.4267197788682448
door-unlock-v2,10000,1,0.4248235685251241
door-unlock-v2,10000,2,0.4262175585050766
door-unlock-v2,10000,3,0.4262839211465515
door-unlock-v2,10000,4,0.4258440519738428
door-unlock-v2,10000,5,0.4259827746132246
door-unlock-v2,10000,6,0.4249203033662305
door-unlock-v2,10000,7,0.4262719117346161
door-unlock-v2,10000,8,0.4271043223870854
door-unlock-v2,10000,9,0.4256803031026533
door-unlock-v2,15000,0,0.6092753789315053
door-unlock-v2,15000,1,0.6086267348858667
door-unlock-v2,15000,2,0.6097668021807188
door-unlock-v2,15000,3,0.609914580761861
door-unlock-v2,15000,4,0.6096407246683807
door-unlock-v2,15000,5,0.6104097229471034
door-unlock-v2,15000,6,0.6084863647691655
door-unlock-v2,15000,7,0.6095541308159811
door-unlock-v2,15000,8,0.6103082377596952
door-unlock-v2,15000,9,0.6098794988011242
door-unlock-v2,20000,0,0.8081781526500529
door-unlock-v2,20000,1,0.8077129816194077
door-unlock-v2,20000,2,0.8091024030618486
door-unlock-v2,20000,3,0.808281418159445
door-unlock-v2,20000,4,0.8088211976367768
door-unlock-v2,20000,5,0.8086494571916357
door-unlock-v2,20000,6,0.8067285273575231
door-unlock-v2,20000,7,0.8080192537609501
door-unlock-v2,20000,8,0.8088731118605839
door-unlock-v2,20000,9,0.8082791373234653
door-unlock-v2,25000,0,1.006944923735421
door-unlock-v2,25000,1,1.0052674020406134
door-unlock-v2,25000,2,1.0073958795177558
door-unlock-v2,25000,3,1.0073905254631192
door-unlock-v2,25000,4,1.00730165157499
door-unlock-v2,25000,5,1.0068494546586693
door-unlock-v2,25000,6,1.0042222571675397
door-unlock-v2,25000,7,1.006491365466128
door-unlock-v2,25000,8,1.00652944359219
door-unlock-v2,25000,9,1.0062031634257658
door-unlock-v2,30000,0,1.2144278130072292
door-unlock-v2,30000,1,1.213707476300584
door-unlock-v2,30000,2,1.2149037096336015
door-unlock-v2,30000,3,1.2140723716210633
door-unlock-v2,30000,4,1.2143341787195092
door-unlock-v2,30000,5,1.2159024786800476
door-unlock-v2,30000,6,1.211550920989546
door-unlock-v2,30000,7,1.2137071600807785
door-unlock-v2,30000,8,1.2150436838520602
door-unlock-v2,30000,9,1.2123902362807462
door-unlock-v2,35000,0,1.400525096114578
door-unlock-v2,35000,1,1.3988663618955324
door-unlock-v2,35000,2,1.4016529806356022
door-unlock-v2,35000,3,1.4024124356642031
door-unlock-v2,35000,4,1.4027079628966257
door-unlock-v2,35000,5,1.4038831661270448
door-unlock-v2,35000,6,1.3982110597329895
door-unlock-v2,35000,7,1.4010899765299707
door-unlock-v2,35000,8,1.4034320820719297
door-unlock-v2,35000,9,1.4000897513597008
door-unlock-v2,40000,0,1.6031414577131626
door-unlock-v2,40000,1,1.6039857341346702
door-unlock-v2,40000,2,1.6033244899464318
door-unlock-v2,40000,3,1.6021632234727372
door-unlock-v2,40000,4,1.6012069631842305
door-unlock-v2,40000,5,1.6044987527360428
door-unlock-v2,40000,6,1.5992828626072897
door-unlock-v2,40000,7,1.5978115448170993
door-unlock-v2,40000,8,1.6012440663038183
door-unlock-v2,40000,9,1.601612169335483
door-unlock-v2,45000,0,1.7948001388316974
door-unlock-v2,45000,1,1.7941090147609566
door-unlock-v2,45000,2,1.7962650826619335
door-unlock-v2,45000,3,1.7976356944042933
door-unlock-v2,45000,4,1.793254088638672
door-unlock-v2,45000,5,1.7996957646441925
door-unlock-v2,45000,6,1.7939687294586926
door-unlock-v2,45000,7,1.7942153634293518
door-unlock-v2,45000,8,1.7978863114740844
door-unlock-v2,45000,9,1.7938625352592703
door-unlock-v2,50000,0,2.0076175074075446
door-unlock-v2,50000,1,2.0036632643140684
door-unlock-v2,50000,2,2.01123140047802
door-unlock-v2,50000,3,2.007505607835317
door-unlock-v2,50000,4,2.011117506033067
door-unlock-v2,50000,5,2.008181463771488
door-unlock-v2,50000,6,2.007101004570017
door-unlock-v2,50000,7,2.006640607089235
door-unlock-v2,50000,8,2.0122852531233524
door-unlock-v2,50000,9,2.003976788548955
door-unlock-v2,55000,0,2.176828399243328
door-unlock-v2,55000,1,2.1813151021892043
door-unlock-v2,55000,2,2.177776226133921
door-unlock-v2,55000,3,2.183295685836423
door-unlock-v2,55000,4,2.1751355427075474
door-unlock-v2,55000,5,2.179807309166152
door-unlock-v2,55000,6,2.177618878467594
door-unlock-v2,55000,7,2.1743146637429684
door-unlock-v2,55000,8,2.1801258291533467
door-unlock-v2,55000,9,2.1769939776245724
door-unlock-v2,60000,0,2.405369071950463
door-unlock-v2,60000,1,2.402797447218023
door-unlock-v2,60000,2,2.4002728018943977
door-unlock-v2,60000,3,2.3956243015897765
door-unlock-v2,60000,4,2.4037580115352872
door-unlock-v2,60000,5,2.40112891958934
door-unlock-v2,60000,6,2.40506598968678
door-unlock-v2,60000,7,2.399908818440083
door-unlock-v2,60000,8,2.4017141266595288
door-unlock-v2,60000,9,2.3982133938232377
door-unlock-v2,65000,0,2.5659710798530075
door-unlock-v2,65000,1,2.565795375011117
door-unlock-v2,65000,2,2.570563786746736
door-unlock-v2,65000,3,2.5702362670031085
door-unlock-v2,65000,4,2.5664907742158425
door-unlock-v2,65000,5,2.5754785551457475
door-unlock-v2,65000,6,2.5584192732908497
door-unlock-v2,65000,7,2.5685710495771064
door-unlock-v2,65000,8,2.572601895005139
door-unlock-v2,65000,9,2.568314226956275
door-unlock-v2,70000,0,2.753472865646217
door-unlock-v2,70000,1,2.75618363802277
door-unlock-v2,70000,2,2.7530873925331973
door-unlock-v2,70000,3,2.7456600872510304
door-unlock-v2,70000,4,2.749692173241367
door-unlock-v2,70000,5,2.758572941446525
door-unlock-v2,70000,6,2.755460187680121
door-unlock-v2,70000,7,2.7445899791428574
door-unlock-v2,70000,8,2.755019375526763
door-unlock-v2,70000,9,2.753751960800437
door-unlock-v2,75000,0,2.936358437562604
door-unlock-v2,75000,1,2.936452268150989
door-unlock-v2,75000,2,2.941399665220523
door-unlock-v2,75000,3,2.937465833480651
door-unlock-v2,75000,4,2.928678700896469
door-unlock-v2,75000,5,2.944724517911871
door-unlock-v2,75000,6,2.937460156944955
door-unlock-v2,75000,7,2.934769783415893
door-unlock-v2,75000,8,2.941153352038729
door-unlock-v2,75000,9,2.9280431834930054
door-unlock-v2,80000,0,3.148945560078316
door-unlock-v2,80000,1,3.1385840238466227
door-unlock-v2,80000,2,3.150523388569086
door-unlock-v2,80000,3,3.150887125481183
door-unlock-v2,80000,4,3.15216951491521
door-unlock-v2,80000,5,3.151489811024672
door-unlock-v2,80000,6,3.148714402496685
door-unlock-v2,80000,7,3.146439483920651
door-unlock-v2,80000,8,3.150600188525474
door-unlock-v2,80000,9,3.1469497554572694
door-unlock-v2,85000,0,3.3069353375158705
door-unlock-v2,85000,1,3.3171383014120983
door-unlock-v2,85000,2,3.31140256732755
door-unlock-v2,85000,3,3.311733588166436
door-unlock-v2,85000,4,3.3040453118054334
door-unlock-v2,85000,5,3.312922086959966
door-unlock-v2,85000,6,3.3084418463388
door-unlock-v2,85000,7,3.3036763259265607
door-unlock-v2,85000,8,3.314500265364272
door-unlock-v2,85000,9,3.306088528972293
door-unlock-v2,90000,0,3.4978912849584383
door-unlock-v2,90000,1,3.5065955527833985
door-unlock-v2,90000,2,3.5157643368260234
door-unlock-v2,90000,3,3.50467651182439
door-unlock-v2,90000,4,3.5044720770839763
door-unlock-v2,90000,5,3.5093656143008296
door-unlock-v2,90000,6,3.505944002436741
door-unlock-v2,90000,7,3.502452552595186
door-unlock-v2,90000,8,3.508995450029023
door-unlock-v2,90000,9,3.4973585309191284
door-unlock-v2,95000,0,3.651238041670232
door-unlock-v2,95000,1,3.646655212417498
door-unlock-v2,95000,2,3.658821516357688
door-unlock-v2,95000,3,3.6489440463987353
door-unlock-v2,95000,4,3.658004000549552
door-unlock-v2,95000,5,3.647591508741211
door-unlock-v2,95000,6,3.6481365257858274
door-unlock-v2,95000,7,3.651730094597564
door-unlock-v2,95000,8,3.656623673531303
door-unlock-v2,95000,9,3.653535916583489
door-unlock-v2,100000,0,3.839566801628257
door-unlock-v2,100000,1,3.8510715992296247
door-unlock-v2,100000,2,3.843517755911564
door-unlock-v2,100000,3,3.848478548578155
door-unlock-v2,100000,4,3.850983666569873
door-unlock-v2,100000,5,3.849608361750017
door-unlock-v2,100000,6,3.8497155101230343
door-unlock-v2,100000,7,3.836893126441876
door-unlock-v2,100000,8,3.840623463710884
door-unlock-v2,100000,9,3.8483833009027975
handle-press-side-v2,0,0,0.0576156148720615
handle-press-side-v2,0,1,0.0576153234279152
handle-press-side-v2,0,2,0.0576152436009262
handle-press-side-v2,0,3,0.0576152470140449
handle-press-side-v2,0,4,0.0577183540012091
handle-press-side-v2,0,5,0.0576152446852994
handle-press-side-v2,0,6,0.0576152460095219
handle-press-side-v2,0,7,0.0576152439304305
handle-press-side-v2,0,8,0.0576152434510354
handle-press-side-v2,0,9,0.0576155231264153
handle-press-side-v2,5000,0,0.2591155831934146
handle-press-side-v2,5000,1,0.2583400921976042
handle-press-side-v2,5000,2,0.2587469137673031
handle-press-side-v2,5000,3,0.2588389722865348
handle-press-side-v2,5000,4,0.258919819690061
handle-press-side-v2,5000,5,0.2589353590156489
handle-press-side-v2,5000,6,0.2586470315310915
handle-press-side-v2,5000,7,0.25894618781026
handle-press-side-v2,5000,8,0.2593059338216417
handle-press-side-v2,5000,9,0.2588827785449691
handle-press-side-v2,10000,0,0.4330164478490701
handle-press-side-v2,10000,1,0.4312442582197683
handle-press-side-v2,10000,2,0.4326766750150777
handle-press-side-v2,10000,3,0.4326074177074798
handle-press-side-v2,10000,4,0.4323382234657406
handle-press-side-v2,10000,5,0.4325066214439546
handle-press-side-v2,10000,6,0.4314561938937799
handle-press-side-v2,10000,7,0.4326934366788572
handle-press-side-v2,10000,8,0.4336501279288942
handle-press-side-v2,10000,9,0.4320329092581607
handle-press-side-v2,15000,0,0.6103916933936882
handle-press-side-v2,15000,1,0.6095095842853145
handle-press-side-v2,15000,2,0.6110437288510561
handle-press-side-v2,15000,3,0.6109302772603528
handle-press-side-v2,15000,4,0.61099287600641
handle-press-side-v2,15000,5,0.6113940654256962
handle-press-side-v2,15000,6,0.6093720900642963
handle-press-side-v2,15000,7,0.6107646057422893
handle-press-side-v2,15000,8,0.6115829221331923
handle-press-side-v2,15000,9,0.610985241131625
handle-press-side-v2,20000,0,0.797473462104794
handle-press-side-v2,20000,1,0.7965938626703298
handle-press-side-v2,20000,2,0.7986289086256485
handle-press-side-v2,20000,3,0.7981722873349767
handle-press-side-v2,20000,4,0.7980782516055172
handle-press-side-v2,20000,5,0.7984629635058239
handle-press-side-v2,20000,6,0.7960789073030365
handle-press-side-v2,20000,7,0.7968697406763097
handle-press-side-v2,20000,8,0.7981723414660163
handle-press-side-v2,20000,9,0.7979560034778017
handle-press-side-v2,25000,0,1.0208402104913177
handle-press-side-v2,25000,1,1.0193230135135225
handle-press-side-v2,25000,2,1.0205646399538997
handle-press-side-v2,25000,3,1.0210672757781531
handle-press-side-v2,25000,4,1.0218546961361077
handle-press-side-v2,25000,5,1.0217616714228797
handle-press-side-v2,25000,6,1.018555706546174
handle-press-side-v2,25000,7,1.02003003715791
handle-press-side-v2,25000,8,1.021479692148506
handle-press-side-v2,25000,9,1.020932782762196
handle-press-side-v2,30000,0,1.2103199746210602
handle-press-side-v2,30000,1,1.2096711644263511
handle-press-side-v2,30000,2,1.2100713832424217
handle-press-side-v2,30000,3,1.210310176222032
handle-press-side-v2,30000,4,1.2107384047744112
handle-press-side-v2,30000,5,1.211618669114337
handle-press-side-v2,30000,6,1.2071502330198307
handle-press-side-v2,30000,7,1.2099051659101554
handle-press-side-v2,30000,8,1.2112350016418914
handle-press-side-v2,30000,9,1.2085361524926956
handle-press-side-v2,35000,0,1.3969633474122176
handle-press-side-v2,35000,1,1.3978561403712575
handle-press-side-v2,35000,2,1.3964792702748057
handle-press-side-v2,35000,3,1.3983596168929069
handle-press-side-v2,35000,4,1.3990770569031177
handle-press-side-v2,35000,5,1.3987644662223797
handle-press-side-v2,35000,6,1.3952400347505565
handle-press-side-v2,35000,7,1.3970090135220417
handle-press-side-v2,35000,8,1.399644341209389
handle-press-side-v2,35000,9,1.3978505853916627
handle-press-side-v2,40000,0,1.5968606838318995
handle-press-side-v2,40000,1,1.599598963778156
handle-press-side-v2,40000,2,1.6031223961843264
handle-press-side-v2,40000,3,1.6012052379055604
handle-press-side-v2,40000,4,1.6004477001945805
handle-press-side-v2,40000,5,1.601997538008342
handle-press-side-v2,40000,6,1.5981306240641124
handle-press-side-v2,40000,7,1.597875018153038
handle-press-side-v2,40000,8,1.600209149041403
handle-press-side-v2,40000,9,1.6017820876710551
handle-press-side-v2,45000,0,1.8022249305328035
handle-press-side-v2,45000,1,1.800051640722388
handle-press-side-v2,45000,2,1.8050715879322663
handle-press-side-v2,45000,3,1.80357479929774
handle-press-side-v2,45000,4,1.801521150882642
handle-press-side-v2,45000,5,1.8061332472591292
handle-press-side-v2,45000,6,1.80363428965755
handle-press-side-v2,45000,7,1.8040879101699216
handle-press-side-v2,45000,8,1.80481583768036
handle-press-side-v2,45000,9,1.8046872844950748
handle-press-side-v2,50000,0,1.9930159523228996
handle-press-side-v2,50000,1,1.992529623913489
handle-press-side-v2,50000,2,1.999913412890696
handle-press-side-v2,50000,3,1.997860754069059
handle-press-side-v2,50000,4,1.997862177415905
handle-press-side-v2,50000,5,1.998980451208015
handle-press-side-v2,50000,6,1.997052387955815
handle-press-side-v2,50000,7,1.9928831027939249
handle-press-side-v2,50000,8,1.9963088489302048
handle-press-side-v2,50000,9,1.9930550297211616
handle-press-side-v2,55000,0,2.1941266835488897
handle-press-side-v2,55000,1,2.198262732227364
handle-press-side-v2,55000,2,2.1984024605115957
handle-press-side-v2,55000,3,2.2047244495503446
handle-press-side-v2,55000,4,2.2045161427567117
handle-press-side-v2,55000,5,2.2073152279683628
handle-press-side-v2,55000,6,2.208293841378841
handle-press-side-v2,55000,7,2.1985119989374216
handle-press-side-v2,55000,8,2.202731303552777
handle-press-side-v2,55000,9,2.203202975166433
handle-press-side-v2,60000,0,2.388316652664533
handle-press-side-v2,60000,1,2.3952538565537105
handle-press-side-v2,60000,2,2.39327756840216
handle-press-side-v2,60000,3,2.3929906546041004
handle-press-side-v2,60000,4,2.3966874189592104
handle-press-side-v2,60000,5,2.391380753542596
handle-press-side-v2,60000,6,2.3913487753342486
handle-press-side-v2,60000,7,2.395888882328949
handle-press-side-v2,60000,8,2.401477877857884
handle-press-side-v2,60000,9,2.3884015881233447
handle-press-side-v2,65000,0,2.547141672710502
handle-press-side-v2,65000,1,2.562846718958807
handle-press-side-v2,65000,2,2.561567388653513
handle-press-side-v2,65000,3,2.561987961540347
handle-press-side-v2,65000,4,2.563819094485487
handle-press-side-v2,65000,5,2.5649421779842965
handle-press-side-v2,65000,6,2.564993340635231
handle-press-side-v2,65000,7,2.562610694255417
handle-press-side-v2,65000,8,2.5622638712423167
handle-press-side-v2,65000,9,2.5638543966654423
handle-press-side-v2,70000,0,2.738985941629408
handle-press-side-v2,70000,1,2.75247670209171
handle-press-side-v2,70000,2,2.759241761063456
handle-press-side-v2,70000,3,2.7533472240445813
handle-press-side-v2,70000,4,2.7481088472832176
handle-press-side-v2,70000,5,2.7492303641924623
handle-press-side-v2,70000,6,2.7499818943345136
handle-press-side-v2,70000,7,2.741888754230202
handle-press-side-v2,70000,8,2.7521750357170918
handle-press-side-v2,70000,9,2.751564054012849
handle-press-side-v2,75000,0,2.921547321346937
handle-press-side-v2,75000,1,2.933372177127353
handle-press-side-v2,75000,2,2.943251877597828
handle-press-side-v2,75000,3,2.9298150181330804
handle-press-side-v2,75000,4,2.932178237389581
handle-press-side-v2,75000,5,2.9267739002887687
handle-press-side-v2,75000,6,2.935892241374299
handle-press-side-v2,75000,7,2.9347220286773235
handle-press-side-v2,75000,8,2.938035699860021
handle-press-side-v2,75000,9,2.934596856681049
handle-press-side-v2,80000,0,3.141254974240926
handle-press-side-v2,80000,1,3.1497032363659367
handle-press-side-v2,80000,2,3.148057918876292
handle-press-side-v2,80000,3,3.151788406312504
handle-press-side-v2,80000,4,3.156331980550531
handle-press-side-v2,80000,5,3.156508196688745
handle-press-side-v2,80000,6,3.155944036305932
handle-press-side-v2,80000,7,3.15053959288352
handle-press-side-v2,80000,8,3.158024044280769
handle-press-side-v2,80000,9,3.1495194465320395
handle-press-side-v2,85000,0,3.3374316397893886
handle-press-side-v2,85000,1,3.345945717802609
handle-press-side-v2,85000,2,3.345861603140025
handle-press-side-v2,85000,3,3.3443127396386614
handle-press-side-v2,85000,4,3.350249442967838
handle-press-side-v2,85000,5,3.353623847681699
handle-press-side-v2,85000,6,3.3409146678608725
handle-press-side-v2,85000,7,3.3387703255354766
handle-press-side-v2,85000,8,3.3500354786670625
handle-press-side-v2,85000,9,3.347499332699693
handle-press-side-v2,90000,0,3.5155725766004258
handle-press-side-v2,90000,1,3.521056247233908
handle-press-side-v2,90000,2,3.522484991111288
handle-press-side-v2,90000,3,3.5258193277405923
handle-press-side-v2,90000,4,3.5159582213250684
handle-press-side-v2,90000,5,3.5313256476612342
handle-press-side-v2,90000,6,3.519636157051062
handle-press-side-v2,90000,7,3.525806672905885
handle-press-side-v2,90000,8,3.523284486532406
handle-press-side-v2,90000,9,3.5231327661655967
handle-press-side-v2,95000,0,3.655990782006695
handle-press-side-v2,95000,1,3.658571086113913
handle-press-side-v2,95000,2,3.6724203709639776
handle-press-side-v2,95000,3,3.6628661943876977
handle-press-side-v2,95000,4,3.671870308817149
handle-press-side-v2,95000,5,3.667209451552455
handle-press-side-v2,95000,6,3.663723950952812
handle-press-side-v2,95000,7,3.6583896878478335
handle-press-side-v2,95000,8,3.65799793076415
handle-press-side-v2,95000,9,3.669150260710063
handle-press-side-v2,100000,0,3.848431513322919
handle-press-side-v2,100000,1,3.860617084025086
handle-press-side-v2,100000,2,3.8604709100770394
handle-press-side-v2,100000,3,3.864615775767053
handle-press-side-v2,100000,4,3.853621431686157
handle-press-side-v2,100000,5,3.863464248761707
handle-press-side-v2,100000,6,3.858618440010018
handle-press-side-v2,100000,7,3.8506468757637418
handle-press-side-v2,100000,8,3.861271098325541
handle-press-side-v2,100000,9,3.855713846748575
handle-press-v2,0,0,0.0710325475637551
handle-press-v2,0,1,0.0709220827906782
handle-press-v2,0,2,0.0709219961022074
handle-press-v2,0,3,0.0709354811479397
handle-press-v2,0,4,0.0709446070463735
handle-press-v2,0,5,0.0769355989607938
handle-press-v2,0,6,0.0710138791364767
handle-press-v2,0,7,0.0709223896238645
handle-press-v2,0,8,0.0709392328627403
handle-press-v2,0,9,0.07092188803718
handle-press-v2,5000,0,0.2495097409715854
handle-press-v2,5000,1,0.2488075964607779
handle-press-v2,5000,2,0.2491817923340829
handle-press-v2,5000,3,0.2492319300032199
handle-press-v2,5000,4,0.2493617063501159
handle-press-v2,5000,5,0.2493847820457098
handle-press-v2,5000,6,0.2490825577747417
handle-press-v2,5000,7,0.2493545136275683
handle-press-v2,5000,8,0.2497457558395197
handle-press-v2,5000,9,0.2493582405066374
handle-press-v2,10000,0,0.4537125311183894
handle-press-v2,10000,1,0.4518589471817605
handle-press-v2,10000,2,0.4533387572479884
handle-press-v2,10000,3,0.4534607483617732
handle-press-v2,10000,4,0.4530889651969202
handle-press-v2,10000,5,0.4529996094331986
handle-press-v2,10000,6,0.4522589846569623
handle-press-v2,10000,7,0.4534125229460193
handle-press-v2,10000,8,0.4542891548868019
handle-press-v2,10000,9,0.4529361574585108
handle-press-v2,15000,0,0.6168229305568445
handle-press-v2,15000,1,0.6166063727077916
handle-press-v2,15000,2,0.6179741297130724
handle-press-v2,15000,3,0.6169024610131316
handle-press-v2,15000,4,0.6178878516849601
handle-press-v2,15000,5,0.6182824271887808
handle-press-v2,15000,6,0.6163505753257636
handle-press-v2,15000,7,0.6174767617714888
handle-press-v2,15000,8,0.6179996569323457
handle-press-v2,15000,9,0.6178319437486748
handle-press-v2,20000,0,0.809775249389886
handle-press-v2,20000,1,0.8091934152138623
handle-press-v2,20000,2,0.8111117104114647
handle-press-v2,20000,3,0.8103816314913305
handle-press-v2,20000,4,0.810837059631119
handle-press-v2,20000,5,0.8108757166507187
handle-press-v2,20000,6,0.8092627045844388
handle-press-v2,20000,7,0.8100187502758562
handle-press-v2,20000,8,0.810841169183002
handle-press-v2,20000,9,0.8103822980691782
handle-press-v2,25000,0,1.017996727492101
handle-press-v2,25000,1,1.0172455227999404
handle-press-v2,25000,2,1.018727277848096
handle-press-v2,25000,3,1.0177296622928735
handle-press-v2,25000,4,1.018375519276694
handle-press-v2,25000,5,1.019207494435261
handle-press-v2,25000,6,1.0153768980731308
handle-press-v2,25000,7,1.0179223755402678
handle-press-v2,25000,8,1.0181897751792144
handle-press-v2,25000,9,1.0178836480516626
handle-press-v2,30000,0,1.1941061392074508
handle-press-v2,30000,1,1.1948027601606226
handle-press-v2,30000,2,1.1950031114494528
handle-press-v2,30000,3,1.1942566251199265
handle-press-v2,30000,4,1.1954765973139838
handle-press-v2,30000,5,1.1978851993444062
handle-press-v2,30000,6,1.1916214919578882
handle-press-v2,30000,7,1.1949242969780216
handle-press-v2,30000,8,1.1956079492665812
handle-press-v2,30000,9,1.194841167093113
handle-press-v2,35000,0,1.408063757819015
handle-press-v2,35000,1,1.408532595209354
handle-press-v2,35000,2,1.4095176389113988
handle-press-v2,35000,3,1.4076438752596026
handle-press-v2,35000,4,1.4095822776594364
handle-press-v2,35000,5,1.4123180715729793
handle-press-v2,35000,6,1.405330783301573
handle-press-v2,35000,7,1.4072628296463845
handle-press-v2,35000,8,1.4111805569428932
handle-press-v2,35000,9,1.4085956939525663
handle-press-v2,40000,0,1.6177915492410575
handle-press-v2,40000,1,1.6160397947896517
handle-press-v2,40000,2,1.6178595240219364
handle-press-v2,40000,3,1.6177938726431929
handle-press-v2,40000,4,1.6171282882562763
handle-press-v2,40000,5,1.6207537538709105
handle-press-v2,40000,6,1.6150831724346726
handle-press-v2,40000,7,1.615332128472408
handle-press-v2,40000,8,1.620079513739931
handle-press-v2,40000,9,1.6183704995025243
handle-press-v2,45000,0,1.8046319669782
handle-press-v2,45000,1,1.80944170547676
handle-press-v2,45000,2,1.8112947821878969
handle-press-v2,45000,3,1.8078006637460653
handle-press-v2,45000,4,1.811229762077327
handle-press-v2,45000,5,1.8100583221923012
handle-press-v2,45000,6,1.8085236843145704
handle-press-v2,45000,7,1.805022914692656
handle-press-v2,45000,8,1.808277288548952
handle-press-v2,45000,9,1.810069232882259
handle-press-v2,50000,0,2.004358649984244
handle-press-v2,50000,1,2.009737627695313
handle-press-v2,50000,2,2.010937215517754
handle-press-v2,50000,3,2.009794361323302
handle-press-v2,50000,4,2.0099798986675337
handle-press-v2,50000,5,2.008177877480873
handle-press-v2,50000,6,2.0078292811049856
handle-press-v2,50000,7,2.0106695266557844
handle-press-v2,50000,8,2.012458298233926
handle-press-v2,50000,9,2.006854642246118
handle-press-v2,55000,0,2.195042272954266
handle-press-v2,55000,1,2.20402474160893
handle-press-v2,55000,2,2.201310796502347
handle-press-v2,55000,3,2.1942148031528914
handle-press-v2,55000,4,2.201198525207656
handle-press-v2,55000,5,2.2064899396609245
handle-press-v2,55000,6,2.1947354716852057
handle-press-v2,55000,7,2.209631656750921
handle-press-v2,55000,8,2.202442861146489
handle-press-v2,55000,9,2.2039913888446514
handle-press-v2,60000,0,2.409807219875731
handle-press-v2,60000,1,2.435014376962257
handle-press-v2,60000,2,2.4275320301868346
handle-press-v2,60000,3,2.416444451413924
handle-press-v2,60000,4,2.423921998404779
handle-press-v2,60000,5,2.4241256241276328
handle-press-v2,60000,6,2.421454385836839
handle-press-v2,60000,7,2.416645206746409
handle-press-v2,60000,8,2.420916305575634
handle-press-v2,60000,9,2.4151254029814035
handle-press-v2,65000,0,2.577687759271582
handle-press-v2,65000,1,2.599745878621251
handle-press-v2,65000,2,2.599391435255036
handle-press-v2,65000,3,2.5900882790182327
handle-press-v2,65000,4,2.60584938693351
handle-press-v2,65000,5,2.5947576743499883
handle-press-v2,65000,6,2.5913198872828263
handle-press-v2,65000,7,2.5945838631417506
handle-press-v2,65000,8,2.597645500164213
handle-press-v2,65000,9,2.5949185577037213
handle-press-v2,70000,0,2.7403028250053163
handle-press-v2,70000,1,2.755798390835221
handle-press-v2,70000,2,2.752601769535845
handle-press-v2,70000,3,2.7582161292709158
handle-press-v2,70000,4,2.7382058253933
handle-press-v2,70000,5,2.763705515381316
handle-press-v2,70000,6,2.7519760763183
handle-press-v2,70000,7,2.753198964010771
handle-press-v2,70000,8,2.7462330945875157
handle-press-v2,70000,9,2.7468239057523065
handle-press-v2,75000,0,2.910761484130692
handle-press-v2,75000,1,2.928112657009617
handle-press-v2,75000,2,2.9300595725840703
handle-press-v2,75000,3,2.9371075426644246
handle-press-v2,75000,4,2.936522804937294
handle-press-v2,75000,5,2.931884205186246
handle-press-v2,75000,6,2.928283309369112
handle-press-v2,75000,7,2.92613634718314
handle-press-v2,75000,8,2.918543275800687
handle-press-v2,75000,9,2.924746969253098
handle-press-v2,80000,0,3.1386124994354607
handle-press-v2,80000,1,3.155317652000573
handle-press-v2,80000,2,3.165435698836448
handle-press-v2,80000,3,3.159051948972179
handle-press-v2,80000,4,3.1600568109302936
handle-press-v2,80000,5,3.1602101169625176
handle-press-v2,80000,6,3.1584145589108097
handle-press-v2,80000,7,3.153902639905176
handle-press-v2,80000,8,3.1616755215031787
handle-press-v2,80000,9,3.1595351961049745
handle-press-v2,85000,0,3.299562690707692
handle-press-v2,85000,1,3.312509958496084
handle-press-v2,85000,2,3.309825065659733
handle-press-v2,85000,3,3.3225349938580053
handle-press-v2,85000,4,3.393490236423279
handle-press-v2,85000,5,3.311669230387319
handle-press-v2,85000,6,3.312167112726561
handle-press-v2,85000,7,3.311749672885236
handle-press-v2,85000,8,3.3152255369475028
handle-press-v2,85000,9,3.312559149187952
handle-press-v2,90000,0,3.503704979928377
handle-press-v2,90000,1,3.515377679230299
handle-press-v2,90000,2,3.519853293398809
handle-press-v2,90000,3,3.510249055828854
handle-press-v2,90000,4,3.503290898066481
handle-press-v2,90000,5,3.517465533759678
handle-press-v2,90000,6,3.512641209224747
handle-press-v2,90000,7,3.510965965555448
handle-press-v2,90000,8,3.516960727579454
handle-press-v2,90000,9,3.5102216632270045
handle-press-v2,95000,0,3.678162514288857
handle-press-v2,95000,1,3.6906582600103217
handle-press-v2,95000,2,3.686427017845305
handle-press-v2,95000,3,3.689172241951028
handle-press-v2,95000,4,3.6841144814799263
handle-press-v2,95000,5,3.685455801033577
handle-press-v2,95000,6,3.683378316435763
handle-press-v2,95000,7,3.684983355344421
handle-press-v2,95000,8,3.683395475554757
handle-press-v2,95000,9,3.679442178179486
handle-press-v2,100000,0,3.861470327334264
handle-press-v2,100000,1,3.877100782014134
handle-press-v2,100000,2,3.8824070016821146
handle-press-v2,100000,3,3.886062403331984
handle-press-v2,100000,4,3.8776295838472574
handle-press-v2,100000,5,3.879456191617404
handle-press-v2,100000,6,3.876527406459219
handle-press-v2,100000,7,3.8750623481086905
handle-press-v2,100000,8,3.8785923194520295
handle-press-v2,100000,9,3.8735419772268527
plate-slide-back-v2,0,0,2.197018640730448e-05
plate-slide-back-v2,0,1,1.953040228951012e-05
plate-slide-back-v2,0,2,2.6491370275614096e-05
plate-slide-back-v2,0,3,2.4956085906570218e-05
plate-slide-back-v2,0,4,2.248980379128508e-05
plate-slide-back-v2,0,5,2.6244146900142595e-05
plate-slide-back-v2,0,6,2.2595861589363195e-05
plate-slide-back-v2,0,7,4.046374733098535e-05
plate-slide-back-v2,0,8,2.8441977082720797e-05
plate-slide-back-v2,0,9,2.205162674486965e-05
plate-slide-back-v2,5000,0,0.224880110044277
plate-slide-back-v2,5000,1,0.2239240360786081
plate-slide-back-v2,5000,2,0.2243508364117904
plate-slide-back-v2,5000,3,0.2244817696931632
plate-slide-back-v2,5000,4,0.2246150248303415
plate-slide-back-v2,5000,5,0.2246095382256985
plate-slide-back-v2,5000,6,0.2242430419748569
plate-slide-back-v2,5000,7,0.2246752354804463
plate-slide-back-v2,5000,8,0.2250310810957703
plate-slide-back-v2,5000,9,0.2245398752534073
plate-slide-back-v2,10000,0,0.4188576748952919
plate-slide-back-v2,10000,1,0.416956365110942
plate-slide-back-v2,10000,2,0.4183363448483317
plate-slide-back-v2,10000,3,0.4184263164135821
plate-slide-back-v2,10000,4,0.4179750329589571
plate-slide-back-v2,10000,5,0.4181253574599042
plate-slide-back-v2,10000,6,0.4170583900468247
plate-slide-back-v2,10000,7,0.4185071712706998
plate-slide-back-v2,10000,8,0.4193165316878346
plate-slide-back-v2,10000,9,0.4178111581513759
plate-slide-back-v2,15000,0,0.597891586398203
plate-slide-back-v2,15000,1,0.5966064306109837
plate-slide-back-v2,15000,2,0.5984966350904313
plate-slide-back-v2,15000,3,0.5982365643504585
plate-slide-back-v2,15000,4,0.5985021716747132
plate-slide-back-v2,15000,5,0.5988054782427932
plate-slide-back-v2,15000,6,0.596426971664347
plate-slide-back-v2,15000,7,0.5979269596796477
plate-slide-back-v2,15000,8,0.5989444104220352
plate-slide-back-v2,15000,9,0.5977151764255502
plate-slide-back-v2,20000,0,0.7826575526948828
plate-slide-back-v2,20000,1,0.7813436611125917
plate-slide-back-v2,20000,2,0.7836175917728865
plate-slide-back-v2,20000,3,0.7829413981421928
plate-slide-back-v2,20000,4,0.783340801159127
plate-slide-back-v2,20000,5,0.7828201725248032
plate-slide-back-v2,20000,6,0.7800686440076272
plate-slide-back-v2,20000,7,0.7826292355422939
plate-slide-back-v2,20000,8,0.7824834272808178
plate-slide-back-v2,20000,9,0.7828302516724458
plate-slide-back-v2,25000,0,0.9956953406927028
plate-slide-back-v2,25000,1,0.9947744180185965
plate-slide-back-v2,25000,2,0.9967992855210658
plate-slide-back-v2,25000,3,0.997031337927095
plate-slide-back-v2,25000,4,0.9964617339281796
plate-slide-back-v2,25000,5,0.9974213926699664
plate-slide-back-v2,25000,6,0.993428197225355
plate-slide-back-v2,25000,7,0.9953060737455176
plate-slide-back-v2,25000,8,0.9961498757873108
plate-slide-back-v2,25000,9,0.9946056223154351
plate-slide-back-v2,30000,0,1.1794148188941334
plate-slide-back-v2,30000,1,1.1783172561829722
plate-slide-back-v2,30000,2,1.1804912643849192
plate-slide-back-v2,30000,3,1.1786447541442804
plate-slide-back-v2,30000,4,1.1797881571412423
plate-slide-back-v2,30000,5,1.1812775285560382
plate-slide-back-v2,30000,6,1.176416375861234
plate-slide-back-v2,30000,7,1.17903092137643
plate-slide-back-v2,30000,8,1.180459793969192
plate-slide-back-v2,30000,9,1.1791205289406306
plate-slide-back-v2,35000,0,1.3805462644357278
plate-slide-back-v2,35000,1,1.3775294288135302
plate-slide-back-v2,35000,2,1.3797903943855456
plate-slide-back-v2,35000,3,1.3813134593513343
plate-slide-back-v2,35000,4,1.3808411316805684
plate-slide-back-v2,35000,5,1.3816668286942442
plate-slide-back-v2,35000,6,1.3764495247256112
plate-slide-back-v2,35000,7,1.378243749695723
plate-slide-back-v2,35000,8,1.380859508303417
plate-slide-back-v2,35000,9,1.377943954136837
plate-slide-back-v2,40000,0,1.5835354896717515
plate-slide-back-v2,40000,1,1.5827182271525082
plate-slide-back-v2,40000,2,1.5857790552700963
plate-slide-back-v2,40000,3,1.5854055078448095
plate-slide-back-v2,40000,4,1.5862623334575114
plate-slide-back-v2,40000,5,1.586862704532473
plate-slide-back-v2,40000,6,1.5809492699631
plate-slide-back-v2,40000,7,1.5842094447928123
plate-slide-back-v2,40000,8,1.5856551484883563
plate-slide-back-v2,40000,9,1.5835912533458385
plate-slide-back-v2,45000,0,1.7783009582070082
plate-slide-back-v2,45000,1,1.7808710399396848
plate-slide-back-v2,45000,2,1.7808966710464629
plate-slide-back-v2,45000,3,1.782171487683758
plate-slide-back-v2,45000,4,1.7820741410742964
plate-slide-back-v2,45000,5,1.7816136324088123
plate-slide-back-v2,45000,6,1.7799371906209336
plate-slide-back-v2,45000,7,1.7774776758560988
plate-slide-back-v2,45000,8,1.7794687915062288
plate-slide-back-v2,45000,9,1.778924510277881
plate-slide-back-v2,50000,0,1.967736246468749
plate-slide-back-v2,50000,1,1.969637518116594
plate-slide-back-v2,50000,2,1.971780392471108
plate-slide-back-v2,50000,3,1.973806493868547
plate-slide-back-v2,50000,4,1.968949714692916
plate-slide-back-v2,50000,5,1.969395548520142
plate-slide-back-v2,50000,6,1.9667235291665943
plate-slide-back-v2,50000,7,1.9678070309108
plate-slide-back-v2,50000,8,1.9728553164787528
plate-slide-back-v2,50000,9,1.967475120209228
plate-slide-back-v2,55000,0,2.166351973914096
plate-slide-back-v2,55000,1,2.1619187613851243
plate-slide-back-v2,55000,2,2.167669216343517
plate-slide-back-v2,55000,3,2.162914598274289
plate-slide-back-v2,55000,4,2.161680055116475
plate-slide-back-v2,55000,5,2.1629102024344413
plate-slide-back-v2,55000,6,2.1575957159765187
plate-slide-back-v2,55000,7,2.158547909492161
plate-slide-back-v2,55000,8,2.1623466157319355
plate-slide-back-v2,55000,9,2.160902628888317
plate-slide-back-v2,60000,0,2.354900672156949
plate-slide-back-v2,60000,1,2.3574333935485554
plate-slide-back-v2,60000,2,2.355101212488376
plate-slide-back-v2,60000,3,2.3538494890694848
plate-slide-back-v2,60000,4,2.352177035397724
plate-slide-back-v2,60000,5,2.3556242438764268
plate-slide-back-v2,60000,6,2.356663179650364
plate-slide-back-v2,60000,7,2.353853215376082
plate-slide-back-v2,60000,8,2.3559128129510136
plate-slide-back-v2,60000,9,2.3565601127676343
plate-slide-back-v2,65000,0,2.5325375991171586
plate-slide-back-v2,65000,1,2.529924200353062
plate-slide-back-v2,65000,2,2.537800047642714
plate-slide-back-v2,65000,3,2.538856547762663
plate-slide-back-v2,65000,4,2.5300900291774178
plate-slide-back-v2,65000,5,2.5364591563059937
plate-slide-back-v2,65000,6,2.5360851042041186
plate-slide-back-v2,65000,7,2.538486676697753
plate-slide-back-v2,65000,8,2.53510898889241
plate-slide-back-v2,65000,9,2.5341605655732544
plate-slide-back-v2,70000,0,2.713109863322925
plate-slide-back-v2,70000,1,2.726306030302413
plate-slide-back-v2,70000,2,2.72987339550471
plate-slide-back-v2,70000,3,2.719966508218536
plate-slide-back-v2,70000,4,2.7226854183034668
plate-slide-back-v2,70000,5,2.7172713177911727
plate-slide-back-v2,70000,6,2.72069799099047
plate-slide-back-v2,70000,7,2.720560905884889
plate-slide-back-v2,70000,8,2.7189114093263487
plate-slide-back-v2,70000,9,2.7152276111321627
plate-slide-back-v2,75000,0,2.904238848109173
plate-slide-back-v2,75000,1,2.9149064471826454
plate-slide-back-v2,75000,2,2.909887816984188
plate-slide-back-v2,75000,3,2.910329069615597
plate-slide-back-v2,75000,4,2.910239224770826
plate-slide-back-v2,75000,5,2.916341211232289
plate-slide-back-v2,75000,6,2.8967766513902005
plate-slide-back-v2,75000,7,2.9000722162393417
plate-slide-back-v2,75000,8,2.9045344425981856
plate-slide-back-v2,75000,9,2.8988078456612807
plate-slide-back-v2,80000,0,3.09908687972064
plate-slide-back-v2,80000,1,3.097834458155065
plate-slide-back-v2,80000,2,3.102310862425892
plate-slide-back-v2,80000,3,3.104620153208397
plate-slide-back-v2,80000,4,3.1011563760551826
plate-slide-back-v2,80000,5,3.0954872792623007
plate-slide-back-v2,80000,6,3.092945853392701
plate-slide-back-v2,80000,7,3.106967682404747
plate-slide-back-v2,80000,8,3.102494168128777
plate-slide-back-v2,80000,9,3.0971617842184083
plate-slide-back-v2,85000,0,3.276581027191221
plate-slide-back-v2,85000,1,3.287782015105338
plate-slide-back-v2,85000,2,3.2900196928391248
plate-slide-back-v2,85000,3,3.289694070111732
plate-slide-back-v2,85000,4,3.2833630084615795
plate-slide-back-v2,85000,5,3.2891822699532005
plate-slide-back-v2,85000,6,3.284515699194487
plate-slide-back-v2,85000,7,3.2764511699951027
plate-slide-back-v2,85000,8,3.283329802274972
plate-slide-back-v2,85000,9,3.289101693009175
plate-slide-back-v2,90000,0,3.4589078218295946
plate-slide-back-v2,90000,1,3.461711665605092
plate-slide-back-v2,90000,2,3.466267129134191
plate-slide-back-v2,90000,3,3.45156263735418
plate-slide-back-v2,90000,4,3.4598920402606423
plate-slide-back-v2,90000,5,3.457280640268872
plate-slide-back-v2,90000,6,3.453609406298005
plate-slide-back-v2,90000,7,3.458411812127649
plate-slide-back-v2,90000,8,3.45546728389157
plate-slide-back-v2,90000,9,3.4503301284500667
plate-slide-back-v2,95000,0,3.6168636650076103
plate-slide-back-v2,95000,1,3.613860171530169
plate-slide-back-v2,95000,2,3.614596729290182
plate-slide-back-v2,95000,3,3.6119725281444848
plate-slide-back-v2,95000,4,3.621215957599442
plate-slide-back-v2,95000,5,3.617911908869772
plate-slide-back-v2,95000,6,3.6147242636891614
plate-slide-back-v2,95000,7,3.6097482063473887
plate-slide-back-v2,95000,8,3.606123209859831
plate-slide-back-v2,95000,9,3.616046658076879
plate-slide-back-v2,100000,0,3.8048601087917207
plate-slide-back-v2,100000,1,3.7926738948086114
plate-slide-back-v2,100000,2,3.808109002991937
plate-slide-back-v2,100000,3,3.808818102616806
plate-slide-back-v2,100000,4,3.800849444041666
plate-slide-back-v2,100000,5,3.800348791371547
plate-slide-back-v2,100000,6,3.803014289182995
plate-slide-back-v2,100000,7,3.78395439911964
plate-slide-back-v2,100000,8,3.797329694287417
plate-slide-back-v2,100000,9,3.793455899002899
plate-slide-v2,0,0,1.4848001296256833e-05
plate-slide-v2,0,1,1.790633018695764e-05
plate-slide-v2,0,2,1.3707725441871718e-05
plate-slide-v2,0,3,1.2946730288672274e-05
plate-slide-v2,0,4,7.401161475321843e-06
plate-slide-v2,0,5,0.0001874447240329
plate-slide-v2,0,6,9.284599636699775e-06
plate-slide-v2,0,7,1.6385233606301116e-05
plate-slide-v2,0,8,8.949910393333914e-06
plate-slide-v2,0,9,6.877062588926814e-06
plate-slide-v2,5000,0,0.2248767589347598
plate-slide-v2,5000,1,0.2238945232481352
plate-slide-v2,5000,2,0.2243207750046172
plate-slide-v2,5000,3,0.2242421831542391
plate-slide-v2,5000,4,0.2245620746528244
plate-slide-v2,5000,5,0.2246907190401288
plate-slide-v2,5000,6,0.224224606960362
plate-slide-v2,5000,7,0.22464144736435
plate-slide-v2,5000,8,0.2250562616901239
plate-slide-v2,5000,9,0.2245716995944136
plate-slide-v2,10000,0,0.4188236789693809
plate-slide-v2,10000,1,0.4169542419450595
plate-slide-v2,10000,2,0.4186230964481106
plate-slide-v2,10000,3,0.4184922599567917
plate-slide-v2,10000,4,0.4181466721072622
plate-slide-v2,10000,5,0.4181115283092804
plate-slide-v2,10000,6,0.4169634747873055
plate-slide-v2,10000,7,0.4184847168216944
plate-slide-v2,10000,8,0.4192628454429946
plate-slide-v2,10000,9,0.4177973091254832
plate-slide-v2,15000,0,0.5980006549445952
plate-slide-v2,15000,1,0.5970779353156963
plate-slide-v2,15000,2,0.5982961519475719
plate-slide-v2,15000,3,0.598205758485275
plate-slide-v2,15000,4,0.5984641492429905
plate-slide-v2,15000,5,0.5987238644490128
plate-slide-v2,15000,6,0.5969309861723147
plate-slide-v2,15000,7,0.5979323452534807
plate-slide-v2,15000,8,0.5988528146784351
plate-slide-v2,15000,9,0.5978086202252537
plate-slide-v2,20000,0,0.782665885695385
plate-slide-v2,20000,1,0.7818399169902192
plate-slide-v2,20000,2,0.7834978570737201
plate-slide-v2,20000,3,0.7829464200275174
plate-slide-v2,20000,4,0.7832054836457804
plate-slide-v2,20000,5,0.7831948165118474
plate-slide-v2,20000,6,0.7803483216017751
plate-slide-v2,20000,7,0.7832491143730133
plate-slide-v2,20000,8,0.7833097913150753
plate-slide-v2,20000,9,0.7833944613502561
plate-slide-v2,25000,0,0.9962844087197872
plate-slide-v2,25000,1,0.9952501745435268
plate-slide-v2,25000,2,0.9972365946514316
plate-slide-v2,25000,3,0.9970178801888906
plate-slide-v2,25000,4,0.9969574312957056
plate-slide-v2,25000,5,0.9973276104562522
plate-slide-v2,25000,6,0.9938721318950288
plate-slide-v2,25000,7,0.9959928411146014
plate-slide-v2,25000,8,0.9969271514108362
plate-slide-v2,25000,9,0.995572634048879
plate-slide-v2,30000,0,1.178768874282959
plate-slide-v2,30000,1,1.1788754581321383
plate-slide-v2,30000,2,1.1804929957006247
plate-slide-v2,30000,3,1.1783744544190782
plate-slide-v2,30000,4,1.179862781128478
plate-slide-v2,30000,5,1.1814972707089253
plate-slide-v2,30000,6,1.1760327498268803
plate-slide-v2,30000,7,1.1789299379043685
plate-slide-v2,30000,8,1.1803832794576437
plate-slide-v2,30000,9,1.1779902441553216
plate-slide-v2,35000,0,1.3804774283331191
plate-slide-v2,35000,1,1.377850119939155
plate-slide-v2,35000,2,1.3806070970433606
plate-slide-v2,35000,3,1.3793879265934663
plate-slide-v2,35000,4,1.3744791347440042
plate-slide-v2,35000,5,1.3786155179364783
plate-slide-v2,35000,6,1.3733148745504131
plate-slide-v2,35000,7,1.378639792725852
plate-slide-v2,35000,8,1.380135820563931
plate-slide-v2,35000,9,1.378872292143844
plate-slide-v2,40000,0,1.5866613076616316
plate-slide-v2,40000,1,1.5844498213266294
plate-slide-v2,40000,2,1.5857441765117266
plate-slide-v2,40000,3,1.5871846570168957
plate-slide-v2,40000,4,1.585772936397816
plate-slide-v2,40000,5,1.5884854013106222
plate-slide-v2,40000,6,1.5831971409409085
plate-slide-v2,40000,7,1.5811111473784043
plate-slide-v2,40000,8,1.5844305444770206
plate-slide-v2,40000,9,1.580173414259738
plate-slide-v2,45000,0,1.777322800918902
plate-slide-v2,45000,1,1.778540756450127
plate-slide-v2,45000,2,1.7785403567940434
plate-slide-v2,45000,3,1.7815376778492291
plate-slide-v2,45000,4,1.7826966272084932
plate-slide-v2,45000,5,1.7792977909011438
plate-slide-v2,45000,6,1.7799105934871486
plate-slide-v2,45000,7,1.7794715686493954
plate-slide-v2,45000,8,1.7797659662894356
plate-slide-v2,45000,9,1.7779199842103344
plate-slide-v2,50000,0,1.968965330106174
plate-slide-v2,50000,1,1.971202065156068
plate-slide-v2,50000,2,1.9738146370755043
plate-slide-v2,50000,3,1.9701031612936764
plate-slide-v2,50000,4,1.967782058672927
plate-slide-v2,50000,5,1.97364535145352
plate-slide-v2,50000,6,1.9664908496101776
plate-slide-v2,50000,7,1.971689111111277
plate-slide-v2,50000,8,1.9713078936695991
plate-slide-v2,50000,9,1.9679017976301376
plate-slide-v2,55000,0,2.1617670982474406
plate-slide-v2,55000,1,2.1602117568500527
plate-slide-v2,55000,2,2.166762059486613
plate-slide-v2,55000,3,2.166623575683269
plate-slide-v2,55000,4,2.161316273977936
plate-slide-v2,55000,5,2.1636241294147167
plate-slide-v2,55000,6,2.159261881201136
plate-slide-v2,55000,7,2.16651848405843
plate-slide-v2,55000,8,2.166727888808834
plate-slide-v2,55000,9,2.15864831610497
plate-slide-v2,60000,0,2.355863470498991
plate-slide-v2,60000,1,2.356920745401576
plate-slide-v2,60000,2,2.360019755113808
plate-slide-v2,60000,3,2.3544852721580214
plate-slide-v2,60000,4,2.354699404340037
plate-slide-v2,60000,5,2.349914142980947
plate-slide-v2,60000,6,2.3488620654568253
plate-slide-v2,60000,7,2.3577688841293267
plate-slide-v2,60000,8,2.353905135999493
plate-slide-v2,60000,9,2.350486212729452
plate-slide-v2,65000,0,2.538074922845825
plate-slide-v2,65000,1,2.537084606485694
plate-slide-v2,65000,2,2.5402437254304675
plate-slide-v2,65000,3,2.531797765718362
plate-slide-v2,65000,4,2.538424995595992
plate-slide-v2,65000,5,2.5301820980548504
plate-slide-v2,65000,6,2.520025028569311
plate-slide-v2,65000,7,2.5397561157154374
plate-slide-v2,65000,8,2.5336974761935647
plate-slide-v2,65000,9,2.531307306632145
plate-slide-v2,70000,0,2.7217004854929367
plate-slide-v2,70000,1,2.7211719560751164
plate-slide-v2,70000,2,2.7227761016494694
plate-slide-v2,70000,3,2.7241165611111167
plate-slide-v2,70000,4,2.734588422919853
plate-slide-v2,70000,5,2.724200918527542
plate-slide-v2,70000,6,2.7253123561665005
plate-slide-v2,70000,7,2.7182606402751346
plate-slide-v2,70000,8,2.72340902712622
plate-slide-v2,70000,9,2.7287169051890827
plate-slide-v2,75000,0,2.90815471829023
plate-slide-v2,75000,1,2.9153521924435286
plate-slide-v2,75000,2,2.9085434881837244
plate-slide-v2,75000,3,2.918051660315019
plate-slide-v2,75000,4,2.9074500784429675
plate-slide-v2,75000,5,2.912511942049611
plate-slide-v2,75000,6,2.9089374491891453
plate-slide-v2,75000,7,2.903783733004905
plate-slide-v2,75000,8,2.899313888709128
plate-slide-v2,75000,9,2.9082180218311326
plate-slide-v2,80000,0,3.105420127456389
plate-slide-v2,80000,1,3.102084412520129
plate-slide-v2,80000,2,3.11023905744247
plate-slide-v2,80000,3,3.107936552278592
plate-slide-v2,80000,4,3.103361840207618
plate-slide-v2,80000,5,3.100200781138522
plate-slide-v2,80000,6,3.0939633822901302
plate-slide-v2,80000,7,3.1013789855957223
plate-slide-v2,80000,8,3.095579153144003
plate-slide-v2,80000,9,3.0946407317808347
plate-slide-v2,85000,0,3.2808443191764463
plate-slide-v2,85000,1,3.2926025460566617
plate-slide-v2,85000,2,3.289947295570345
plate-slide-v2,85000,3,3.295209455666895
plate-slide-v2,85000,4,3.2866631975318232
plate-slide-v2,85000,5,3.287011112812949
plate-slide-v2,85000,6,3.285229579103026
plate-slide-v2,85000,7,3.281083699442643
plate-slide-v2,85000,8,3.2890745183435395
plate-slide-v2,85000,9,3.280659115490135
plate-slide-v2,90000,0,3.4579003860525264
plate-slide-v2,90000,1,3.45584372696066
plate-slide-v2,90000,2,3.4677011408880536
plate-slide-v2,90000,3,3.4609392288725
plate-slide-v2,90000,4,3.4573611276685265
plate-slide-v2,90000,5,3.450765418417736
plate-slide-v2,90000,6,3.4541512147160063
plate-slide-v2,90000,7,3.4599589445631884
plate-slide-v2,90000,8,3.4562866406475967
plate-slide-v2,90000,9,3.4488738860710164
plate-slide-v2,95000,0,3.6176053028597113
plate-slide-v2,95000,1,3.613989221112413
plate-slide-v2,95000,2,3.62362896932382
plate-slide-v2,95000,3,3.614853292356935
plate-slide-v2,95000,4,3.6226676695833984
plate-slide-v2,95000,5,3.611437394734742
plate-slide-v2,95000,6,3.600249664790263
plate-slide-v2,95000,7,3.616027559875552
plate-slide-v2,95000,8,3.613893241016756
plate-slide-v2,95000,9,3.61362594448037
plate-slide-v2,100000,0,3.7983914449591976
plate-slide-v2,100000,1,3.79987471165581
plate-slide-v2,100000,2,3.807904535355175
plate-slide-v2,100000,3,3.803095168626132
plate-slide-v2,100000,4,3.811774105150607
plate-slide-v2,100000,5,3.803082545117719
plate-slide-v2,100000,6,3.8026504632702647
plate-slide-v2,100000,7,3.8000124998483895
plate-slide-v2,100000,8,3.801343095234811
plate-slide-v2,100000,9,3.802181277472336
push-back-v2,0,0,0.1602060433651414
push-back-v2,0,1,0.160195532925188
push-back-v2,0,2,0.1601955356480621
push-back-v2,0,3,0.1601955313075178
push-back-v2,0,4,0.1601955352326552
push-back-v2,0,5,0.1601955359635635
push-back-v2,0,6,0.1601956441696871
push-back-v2,0,7,0.1601955304765153
push-back-v2,0,8,0.1601955357809083
push-back-v2,0,9,0.1601955357603339
push-back-v2,5000,0,0.2579331232495248
push-back-v2,5000,1,0.2570360592846523
push-back-v2,5000,2,0.2574019412505902
push-back-v2,5000,3,0.2575498633494452
push-back-v2,5000,4,0.2576382437051867
push-back-v2,5000,5,0.2576723040192483
push-back-v2,5000,6,0.2573416839128812
push-back-v2,5000,7,0.2577075250172593
push-back-v2,5000,8,0.2580152914191269
push-back-v2,5000,9,0.2576090145044516
push-back-v2,10000,0,0.4370219796921831
push-back-v2,10000,1,0.4351896787255338
push-back-v2,10000,2,0.4365571510085947
push-back-v2,10000,3,0.4366342462928255
push-back-v2,10000,4,0.4361404458042412
push-back-v2,10000,5,0.4363179328999274
push-back-v2,10000,6,0.4352525478756441
push-back-v2,10000,7,0.4366457821373042
push-back-v2,10000,8,0.4374412798680617
push-back-v2,10000,9,0.4359785957125572
push-back-v2,15000,0,0.5999977671028462
push-back-v2,15000,1,0.599008907657685
push-back-v2,15000,2,0.6004152443640003
push-back-v2,15000,3,0.6002496798837953
push-back-v2,15000,4,0.600390069291245
push-back-v2,15000,5,0.6007332163542147
push-back-v2,15000,6,0.5988147510737184
push-back-v2,15000,7,0.5999304669706532
push-back-v2,15000,8,0.6004094184004674
push-back-v2,15000,9,0.5997581506459032
push-back-v2,20000,0,0.8183133715928619
push-back-v2,20000,1,0.8178139106121015
push-back-v2,20000,2,0.8187261644260124
push-back-v2,20000,3,0.8186369031244713
push-back-v2,20000,4,0.8181413398058551
push-back-v2,20000,5,0.819155758902794
push-back-v2,20000,6,0.8168721418152034
push-back-v2,20000,7,0.8182562717302605
push-back-v2,20000,8,0.8189555020346718
push-back-v2,20000,9,0.8179509259700539
push-back-v2,25000,0,0.9894626223102124
push-back-v2,25000,1,0.9887792943094136
push-back-v2,25000,2,0.9906098414578294
push-back-v2,25000,3,0.9895997785710554
push-back-v2,25000,4,0.9893351133873712
push-back-v2,25000,5,0.990857883755763
push-back-v2,25000,6,0.987367395746226
push-back-v2,25000,7,0.9894161663108348
push-back-v2,25000,8,0.9899179564093424
push-back-v2,25000,9,0.989468603067902
push-back-v2,30000,0,1.178562604510981
push-back-v2,30000,1,1.1775853519206794
push-back-v2,30000,2,1.179428445859429
push-back-v2,30000,3,1.1795593963884925
push-back-v2,30000,4,1.178832396617311
push-back-v2,30000,5,1.1801851244961354
push-back-v2,30000,6,1.1757331515167158
push-back-v2,30000,7,1.1782390877213622
push-back-v2,30000,8,1.1789766565833095
push-back-v2,30000,9,1.1779932714471426
push-back-v2,35000,0,1.3810280829451624
push-back-v2,35000,1,1.3799377040767122
push-back-v2,35000,2,1.3811510667633913
push-back-v2,35000,3,1.3808045378431664
push-back-v2,35000,4,1.3801398833582788
push-back-v2,35000,5,1.3823936742755591
push-back-v2,35000,6,1.377202287953321
push-back-v2,35000,7,1.37880644781866
push-back-v2,35000,8,1.381687816591747
push-back-v2,35000,9,1.3792869932987446
push-back-v2,40000,0,1.5968289948133767
push-back-v2,40000,1,1.599322172987159
push-back-v2,40000,2,1.5997146837488605
push-back-v2,40000,3,1.5997673489358195
push-back-v2,40000,4,1.5991578867613163
push-back-v2,40000,5,1.5993077527090178
push-back-v2,40000,6,1.5955843878000495
push-back-v2,40000,7,1.5972596169032989
push-back-v2,40000,8,1.6005642061229677
push-back-v2,40000,9,1.597283570668698
push-back-v2,45000,0,1.7750561741439526
push-back-v2,45000,1,1.7728819882727178
push-back-v2,45000,2,1.7783974453988292
push-back-v2,45000,3,1.775355589183783
push-back-v2,45000,4,1.774899117383898
push-back-v2,45000,5,1.776288139730239
push-back-v2,45000,6,1.773486112750809
push-back-v2,45000,7,1.7746992481371546
push-back-v2,45000,8,1.7766823160857856
push-back-v2,45000,9,1.77443317996415
push-back-v2,50000,0,1.9666585516365127
push-back-v2,50000,1,1.9663451954461344
push-back-v2,50000,2,1.968065108115176
push-back-v2,50000,3,1.968276999682228
push-back-v2,50000,4,1.961841213522729
push-back-v2,50000,5,1.969244162349044
push-back-v2,50000,6,1.9636323640842936
push-back-v2,50000,7,1.9672343370845984
push-back-v2,50000,8,1.9683362998020413
push-back-v2,50000,9,1.9663684375583603
push-back-v2,55000,0,2.1896519335401217
push-back-v2,55000,1,2.188118400908312
push-back-v2,55000,2,2.184339754773227
push-back-v2,55000,3,2.186349094136716
push-back-v2,55000,4,2.1887770137102995
push-back-v2,55000,5,2.185286065588727
push-back-v2,55000,6,2.1823912164453323
push-back-v2,55000,7,2.1813629164114867
push-back-v2,55000,8,2.188800275319983
push-back-v2,55000,9,2.185152254941644
push-back-v2,60000,0,2.3460769451092416
push-back-v2,60000,1,2.344665920517522
push-back-v2,60000,2,2.34678300271671
push-back-v2,60000,3,2.343371541977212
push-back-v2,60000,4,2.342859344506303
push-back-v2,60000,5,2.3433917234211346
push-back-v2,60000,6,2.3338433108615595
push-back-v2,60000,7,2.346772124025015
push-back-v2,60000,8,2.341778232466241
push-back-v2,60000,9,2.3437210010134533
push-back-v2,65000,0,2.52393737082591
push-back-v2,65000,1,2.527074819185115
push-back-v2,65000,2,2.5379105978309533
push-back-v2,65000,3,2.532527795954159
push-back-v2,65000,4,2.519479748513438
push-back-v2,65000,5,2.533609037522913
push-back-v2,65000,6,2.526477666091125
push-back-v2,65000,7,2.530412969125964
push-back-v2,65000,8,2.5309944527433856
push-back-v2,65000,9,2.529125969823832
push-back-v2,70000,0,2.7124899845053085
push-back-v2,70000,1,2.71381743909534
push-back-v2,70000,2,2.70739463458532
push-back-v2,70000,3,2.714399940749119
push-back-v2,70000,4,2.698156492274438
push-back-v2,70000,5,2.706141103049657
push-back-v2,70000,6,2.699878817100415
push-back-v2,70000,7,2.7063653427191565
push-back-v2,70000,8,2.7058745743771437
push-back-v2,70000,9,2.711725771869372
push-back-v2,75000,0,2.8900961033828376
push-back-v2,75000,1,2.893118613431525
push-back-v2,75000,2,2.897449919356588
push-back-v2,75000,3,2.891262634582704
push-back-v2,75000,4,2.8883628968546304
push-back-v2,75000,5,2.887976179461574
push-back-v2,75000,6,2.889343366864212
push-back-v2,75000,7,2.890889902740902
push-back-v2,75000,8,2.898935296708241
push-back-v2,75000,9,2.882277426033653
push-back-v2,80000,0,3.0909645890194333
push-back-v2,80000,1,3.093013038928549
push-back-v2,80000,2,3.102168396043053
push-back-v2,80000,3,3.108270145308953
push-back-v2,80000,4,3.0988007092822927
push-back-v2,80000,5,3.0962654411267296
push-back-v2,80000,6,3.0876782614385507
push-back-v2,80000,7,3.0914945236328832
push-back-v2,80000,8,3.1008495973194083
push-back-v2,80000,9,3.0827946001953186
push-back-v2,85000,0,3.2718472334470032
push-back-v2,85000,1,3.2828716356726595
push-back-v2,85000,2,3.2818392797230262
push-back-v2,85000,3,3.2753601232896066
push-back-v2,85000,4,3.2799580691795778
push-back-v2,85000,5,3.282153351329171
push-back-v2,85000,6,3.2646646321580453
push-back-v2,85000,7,3.2767363570402197
push-back-v2,85000,8,3.276895340330189
push-back-v2,85000,9,3.273095691975248
push-back-v2,90000,0,3.4704119175723456
push-back-v2,90000,1,3.476177302698272
push-back-v2,90000,2,3.47824315725244
push-back-v2,90000,3,3.480036498013196
push-back-v2,90000,4,3.475131590837305
push-back-v2,90000,5,3.477757301097002
push-back-v2,90000,6,3.4829334808587897
push-back-v2,90000,7,3.4737818964902445
push-back-v2,90000,8,3.473577841482357
push-back-v2,90000,9,3.466897196854924
push-back-v2,95000,0,3.5962092754101613
push-back-v2,95000,1,3.601475214084102
push-back-v2,95000,2,3.611243516199466
push-back-v2,95000,3,3.604647465181227
push-back-v2,95000,4,3.603570068490122
push-back-v2,95000,5,3.604186086088909
push-back-v2,95000,6,3.603393955181434
push-back-v2,95000,7,3.6007984973631157
push-back-v2,95000,8,3.605685855706533
push-back-v2,95000,9,3.60697704967764
push-back-v2,100000,0,3.7850277091859112
push-back-v2,100000,1,3.794688806102664
push-back-v2,100000,2,3.792835956302367
push-back-v2,100000,3,3.7978213909573055
push-back-v2,100000,4,3.801308677992081
push-back-v2,100000,5,3.800806134761116
push-back-v2,100000,6,3.791272813829061
push-back-v2,100000,7,3.794389803582801
push-back-v2,100000,8,3.803107909497251
push-back-v2,100000,9,3.791588369939506
reach-v2,0,0,0.0804807072770301
reach-v2,0,1,0.0804807272146521
reach-v2,0,2,0.0804807011418737
reach-v2,0,3,0.0804807108213706
reach-v2,0,4,0.0804807046236947
reach-v2,0,5,0.080480707970199
reach-v2,0,6,0.0804807180781333
reach-v2,0,7,0.0804807216086942
reach-v2,0,8,0.0804807091482589
reach-v2,0,9,0.0804807118303807
reach-v2,5000,0,0.2408649419865931
reach-v2,5000,1,0.24017635146048
reach-v2,5000,2,0.2405011970078837
reach-v2,5000,3,0.2407248404832803
reach-v2,5000,4,0.2405697980956108
reach-v2,5000,5,0.2403112380373485
reach-v2,5000,6,0.2405972837782377
reach-v2,5000,7,0.2410457918411209
reach-v2,5000,8,0.2412646516052908
reach-v2,5000,9,0.2404231276756805
reach-v2,10000,0,0.4311417673902756
reach-v2,10000,1,0.4293045872396379
reach-v2,10000,2,0.4308647872880028
reach-v2,10000,3,0.4311518806588782
reach-v2,10000,4,0.4305160297093867
reach-v2,10000,5,0.4300712997073485
reach-v2,10000,6,0.4292114354770827
reach-v2,10000,7,0.4301011986002885
reach-v2,10000,8,0.4315174877573933
reach-v2,10000,9,0.4297317988095203
reach-v2,15000,0,0.5941470121826264
reach-v2,15000,1,0.5967344983568116
reach-v2,15000,2,0.5966375274529951
reach-v2,15000,3,0.5939101947797354
reach-v2,15000,4,0.5958253685663598
reach-v2,15000,5,0.5957262333816616
reach-v2,15000,6,0.5928689958650738
reach-v2,15000,7,0.5953497474501963
reach-v2,15000,8,0.5953315980727771
reach-v2,15000,9,0.5950187419573396
reach-v2,20000,0,0.7741312380441587
reach-v2,20000,1,0.7705632405132457
reach-v2,20000,2,0.7727127523407286
reach-v2,20000,3,0.7741684121817433
reach-v2,20000,4,0.7729842624278533
reach-v2,20000,5,0.7734416792215408
reach-v2,20000,6,0.7712837881094421
reach-v2,20000,7,0.7723637105310183
reach-v2,20000,8,0.7719474723913369
reach-v2,20000,9,0.7745810088519894
reach-v2,25000,0,0.9928009106595812
reach-v2,25000,1,0.9885373957112124
reach-v2,25000,2,0.9903399738885532
reach-v2,25000,3,0.9897725985280976
reach-v2,25000,4,0.9902216576471032
reach-v2,25000,5,0.992918030117588
reach-v2,25000,6,0.9909815124721112
reach-v2,25000,7,0.9866349579860872
reach-v2,25000,8,0.9942384219460072
reach-v2,25000,9,0.9899009113070162
reach-v2,30000,0,1.186344566918318
reach-v2,30000,1,1.185551666859869
reach-v2,30000,2,1.1860222848966189
reach-v2,30000,3,1.1822589033693205
reach-v2,30000,4,1.1839112144130883
reach-v2,30000,5,1.1861410495639193
reach-v2,30000,6,1.1835692350727436
reach-v2,30000,7,1.1818994538573964
reach-v2,30000,8,1.1823007610218392
reach-v2,30000,9,1.1868820137268787
reach-v2,35000,0,1.4057199612832427
reach-v2,35000,1,1.4028496814854343
reach-v2,35000,2,1.4046746977978937
reach-v2,35000,3,1.407310865096074
reach-v2,35000,4,1.4067317336157017
reach-v2,35000,5,1.4028435309199356
reach-v2,35000,6,1.399629513877219
reach-v2,35000,7,1.398943564392749
reach-v2,35000,8,1.3991979497886025
reach-v2,35000,9,1.4034236878219464
reach-v2,40000,0,1.564906530403818
reach-v2,40000,1,1.5612338601709708
reach-v2,40000,2,1.5611921011996697
reach-v2,40000,3,1.5701475332426889
reach-v2,40000,4,1.5573305332902247
reach-v2,40000,5,1.5642350430970715
reach-v2,40000,6,1.5589450514303709
reach-v2,40000,7,1.5631409549262378
reach-v2,40000,8,1.5608157346723297
reach-v2,40000,9,1.561549625658434
reach-v2,45000,0,1.7603740754572574
reach-v2,45000,1,1.7592351453281252
reach-v2,45000,2,1.7663431435857386
reach-v2,45000,3,1.7640441493477437
reach-v2,45000,4,1.7671807224282736
reach-v2,45000,5,1.768219410882656
reach-v2,45000,6,1.7614000652890938
reach-v2,45000,7,1.7626809139702704
reach-v2,45000,8,1.762119386277896
reach-v2,45000,9,1.7581362198712565
reach-v2,50000,0,1.951694389310844
reach-v2,50000,1,1.9490758248518345
reach-v2,50000,2,1.9432881998884517
reach-v2,50000,3,1.952975871579277
reach-v2,50000,4,1.955449028759696
reach-v2,50000,5,1.9519847169394364
reach-v2,50000,6,1.9434947339106257
reach-v2,50000,7,1.9501065926860757
reach-v2,50000,8,1.948334700179758
reach-v2,50000,9,1.952802346181364
reach-v2,55000,0,2.157229492045208
reach-v2,55000,1,2.1594773121916506
reach-v2,55000,2,2.167533689569521
reach-v2,55000,3,2.1657594810086285
reach-v2,55000,4,2.154718854259474
reach-v2,55000,5,2.16481356820266
reach-v2,55000,6,2.1559029140077164
reach-v2,55000,7,2.151928809398362
reach-v2,55000,8,2.1536083104848727
reach-v2,55000,9,2.1627395975440646
reach-v2,60000,0,2.3474469334795085
reach-v2,60000,1,2.3775764254611653
reach-v2,60000,2,2.364349508391504
reach-v2,60000,3,2.345579150418903
reach-v2,60000,4,2.348071412451382
reach-v2,60000,5,2.3564424478694392
reach-v2,60000,6,2.34376703698511
reach-v2,60000,7,2.341123769475804
reach-v2,60000,8,2.3565886934367843
reach-v2,60000,9,2.34365808070743
reach-v2,65000,0,2.5385282141956136
reach-v2,65000,1,2.529333314489488
reach-v2,65000,2,2.542905453195842
reach-v2,65000,3,2.530480257198769
reach-v2,65000,4,2.5309163978943263
reach-v2,65000,5,2.5383824043996186
reach-v2,65000,6,2.539549358531493
reach-v2,65000,7,2.53429365341098
reach-v2,65000,8,2.5319566657368333
reach-v2,65000,9,2.525843273543344
reach-v2,70000,0,2.7082183067933108
reach-v2,70000,1,2.71406108314632
reach-v2,70000,2,2.7192253369518
reach-v2,70000,3,2.725138122784521
reach-v2,70000,4,2.72257254329058
reach-v2,70000,5,2.721753934198825
reach-v2,70000,6,2.7217479310427444
reach-v2,70000,7,2.714271630627035
reach-v2,70000,8,2.7227126439268616
reach-v2,70000,9,2.713424666180564
reach-v2,75000,0,2.92551652653349
reach-v2,75000,1,2.922676078776792
reach-v2,75000,2,2.939497914152272
reach-v2,75000,3,2.9334919123317227
reach-v2,75000,4,2.9278061843942087
reach-v2,75000,5,2.9273908932600734
reach-v2,75000,6,2.916068656861981
reach-v2,75000,7,2.920711804099044
reach-v2,75000,8,2.927177985701276
reach-v2,75000,9,2.923990907401817
reach-v2,80000,0,3.1159914239144824
reach-v2,80000,1,3.113499899148868
reach-v2,80000,2,3.1211901388882906
reach-v2,80000,3,3.1136198672357125
reach-v2,80000,4,3.1119879736952547
reach-v2,80000,5,3.117009809298658
reach-v2,80000,6,3.1057753327184963
reach-v2,80000,7,3.10823731957764
reach-v2,80000,8,3.11100270707614
reach-v2,80000,9,3.104941485158861
reach-v2,85000,0,3.29968095113866
reach-v2,85000,1,3.2834914227478382
reach-v2,85000,2,3.3006066828727536
reach-v2,85000,3,3.3006910411881045
reach-v2,85000,4,3.306423990619952
reach-v2,85000,5,3.3042710521844425
reach-v2,85000,6,3.2890457283735124
reach-v2,85000,7,3.298797818853414
reach-v2,85000,8,3.29942466489786
reach-v2,85000,9,3.3015836272844936
reach-v2,90000,0,3.4357567166677567
reach-v2,90000,1,3.414119743275501
reach-v2,90000,2,3.4304463587072545
reach-v2,90000,3,3.4490888196496083
reach-v2,90000,4,3.4316415587564606
reach-v2,90000,5,3.4509902938533537
reach-v2,90000,6,3.4433706222239544
reach-v2,90000,7,3.4299247520826825
reach-v2,90000,8,3.454958771658226
reach-v2,90000,9,3.4329194471237505
reach-v2,95000,0,3.604558137321836
reach-v2,95000,1,3.614278672662126
reach-v2,95000,2,3.619525597860015
reach-v2,95000,3,3.6000114823011256
reach-v2,95000,4,3.615788187484301
reach-v2,95000,5,3.598919511657643
reach-v2,95000,6,3.5982311918295435
reach-v2,95000,7,3.594505502297132
reach-v2,95000,8,3.600812839623148
reach-v2,95000,9,3.5995455148626814
reach-v2,100000,0,3.826419521330119
reach-v2,100000,1,3.826014573695656
reach-v2,100000,2,3.846198470107401
reach-v2,100000,3,3.827979994954221
reach-v2,100000,4,3.814087119135385
reach-v2,100000,5,3.837859818684687
reach-v2,100000,6,3.836798213064165
reach-v2,100000,7,3.8294679485727103
reach-v2,100000,8,3.811069464062167
reach-v2,100000,9,3.815903631674235
reach-wall-v2,0,0,0.0800867655428262
reach-wall-v2,0,1,0.0800867670904708
reach-wall-v2,0,2,0.0800867628357621
reach-wall-v2,0,3,0.0800867917721146
reach-wall-v2,0,4,0.080086777602428
reach-wall-v2,0,5,0.0800867629994665
reach-wall-v2,0,6,0.0800867678201067
reach-wall-v2,0,7,0.0800867799137392
reach-wall-v2,0,8,0.0800869399744262
reach-wall-v2,0,9,0.0800867617964517
reach-wall-v2,5000,0,0.2264063080434895
reach-wall-v2,5000,1,0.2253212267244714
reach-wall-v2,5000,2,0.225403482918087
reach-wall-v2,5000,3,0.2260089493978967
reach-wall-v2,5000,4,0.2260212839605355
reach-wall-v2,5000,5,0.2261306538575532
reach-wall-v2,5000,6,0.2260614345195854
reach-wall-v2,5000,7,0.2262928236605598
reach-wall-v2,5000,8,0.22665410505039
reach-wall-v2,5000,9,0.2257979040711809
reach-wall-v2,10000,0,0.4239342695707533
reach-wall-v2,10000,1,0.4218503955423327
reach-wall-v2,10000,2,0.4226998720600402
reach-wall-v2,10000,3,0.4233079716336986
reach-wall-v2,10000,4,0.422683354601028
reach-wall-v2,10000,5,0.4229443124738241
reach-wall-v2,10000,6,0.4215420376990555
reach-wall-v2,10000,7,0.4229129706535587
reach-wall-v2,10000,8,0.4240221113658952
reach-wall-v2,10000,9,0.4223041599132264
reach-wall-v2,15000,0,0.5960784661867915
reach-wall-v2,15000,1,0.5918036513768989
reach-wall-v2,15000,2,0.5967371078420824
reach-wall-v2,15000,3,0.5930525021004435
reach-wall-v2,15000,4,0.5953839251998467
reach-wall-v2,15000,5,0.5949416372264578
reach-wall-v2,15000,6,0.5939910037084777
reach-wall-v2,15000,7,0.5957549368625861
reach-wall-v2,15000,8,0.5985696133405805
reach-wall-v2,15000,9,0.5951255049355232
reach-wall-v2,20000,0,0.7790599623519718
reach-wall-v2,20000,1,0.7772662687831168
reach-wall-v2,20000,2,0.7794369922538148
reach-wall-v2,20000,3,0.7784531270473343
reach-wall-v2,20000,4,0.7774857754607603
reach-wall-v2,20000,5,0.7773993661487559
reach-wall-v2,20000,6,0.7763214345395009
reach-wall-v2,20000,7,0.7773891080487159
reach-wall-v2,20000,8,0.7797467834519396
reach-wall-v2,20000,9,0.7776996675606287
reach-wall-v2,25000,0,0.9892857140905637
reach-wall-v2,25000,1,0.988659010077708
reach-wall-v2,25000,2,0.9940239764096858
reach-wall-v2,25000,3,0.9931114590304342
reach-wall-v2,25000,4,0.9928942934455276
reach-wall-v2,25000,5,0.996415245535924
reach-wall-v2,25000,6,0.9882391877735804
reach-wall-v2,25000,7,0.991177757506953
reach-wall-v2,25000,8,0.9924872635923144
reach-wall-v2,25000,9,0.9908052553261883
reach-wall-v2,30000,0,1.1765394535769056
reach-wall-v2,30000,1,1.172481096271571
reach-wall-v2,30000,2,1.1718809786226507
reach-wall-v2,30000,3,1.1773845798010865
reach-wall-v2,30000,4,1.1730050587409036
reach-wall-v2,30000,5,1.1759940732764254
reach-wall-v2,30000,6,1.1694040567280746
reach-wall-v2,30000,7,1.1734660399677324
reach-wall-v2,30000,8,1.174381711253897
reach-wall-v2,30000,9,1.1714544817987338
reach-wall-v2,35000,0,1.3694215343003249
reach-wall-v2,35000,1,1.3705915595678504
reach-wall-v2,35000,2,1.373910420046881
reach-wall-v2,35000,3,1.3656930378781278
reach-wall-v2,35000,4,1.3668773645536527
reach-wall-v2,35000,5,1.366720480017646
reach-wall-v2,35000,6,1.362083012238306
reach-wall-v2,35000,7,1.364972842093935
reach-wall-v2,35000,8,1.3732294697796723
reach-wall-v2,35000,9,1.3737463498510782
reach-wall-v2,40000,0,1.578568137312806
reach-wall-v2,40000,1,1.5795999543797086
reach-wall-v2,40000,2,1.578834914921795
reach-wall-v2,40000,3,1.582690923642681
reach-wall-v2,40000,4,1.5781271801334051
reach-wall-v2,40000,5,1.585567436157883
reach-wall-v2,40000,6,1.5797839603044324
reach-wall-v2,40000,7,1.5750911116291364
reach-wall-v2,40000,8,1.5854589900866392
reach-wall-v2,40000,9,1.5749814646321283
reach-wall-v2,45000,0,1.7833156862808952
reach-wall-v2,45000,1,1.7731242438112431
reach-wall-v2,45000,2,1.779243418486879
reach-wall-v2,45000,3,1.778006733178985
reach-wall-v2,45000,4,1.7707955014497732
reach-wall-v2,45000,5,1.7726801963198668
reach-wall-v2,45000,6,1.7801263654029342
reach-wall-v2,45000,7,1.7720115499771554
reach-wall-v2,45000,8,1.7803931564435207
reach-wall-v2,45000,9,1.776999568850625
reach-wall-v2,50000,0,1.963895368089282
reach-wall-v2,50000,1,1.961177897351714
reach-wall-v2,50000,2,1.9643569278657955
reach-wall-v2,50000,3,1.9643977238737649
reach-wall-v2,50000,4,1.963701083389405
reach-wall-v2,50000,5,1.9567061468881248
reach-wall-v2,50000,6,1.952981445591816
reach-wall-v2,50000,7,1.9591077894984883
reach-wall-v2,50000,8,1.9699677331645
reach-wall-v2,50000,9,1.9683413430444607
reach-wall-v2,55000,0,2.163983883500847
reach-wall-v2,55000,1,2.164741945907752
reach-wall-v2,55000,2,2.161543351200148
reach-wall-v2,55000,3,2.168746099706221
reach-wall-v2,55000,4,2.160179575033261
reach-wall-v2,55000,5,2.166379292454604
reach-wall-v2,55000,6,2.159742310558805
reach-wall-v2,55000,7,2.158935459390142
reach-wall-v2,55000,8,2.1649754712002625
reach-wall-v2,55000,9,2.1525718733449306
reach-wall-v2,60000,0,2.34550017761576
reach-wall-v2,60000,1,2.3463358688462748
reach-wall-v2,60000,2,2.350577776316328
reach-wall-v2,60000,3,2.344065530511056
reach-wall-v2,60000,4,2.333091842432068
reach-wall-v2,60000,5,2.3477100760954763
reach-wall-v2,60000,6,2.342930988462113
reach-wall-v2,60000,7,2.3460094220455576
reach-wall-v2,60000,8,2.342476261514054
reach-wall-v2,60000,9,2.3416728972972027
reach-wall-v2,65000,0,2.537882230710726
reach-wall-v2,65000,1,2.53953198179451
reach-wall-v2,65000,2,2.541547240109344
reach-wall-v2,65000,3,2.544951354954477
reach-wall-v2,65000,4,2.5478758463177376
reach-wall-v2,65000,5,2.5422816851923806
reach-wall-v2,65000,6,2.529535942679165
reach-wall-v2,65000,7,2.5408591275217502
reach-wall-v2,65000,8,2.545019273704182
reach-wall-v2,65000,9,2.544085388641571
reach-wall-v2,70000,0,2.7463151419412406
reach-wall-v2,70000,1,2.7261471268604613
reach-wall-v2,70000,2,2.7474207886590043
reach-wall-v2,70000,3,2.7480125284822976
reach-wall-v2,70000,4,2.7265892807004497
reach-wall-v2,70000,5,2.744321409268459
reach-wall-v2,70000,6,2.7328100856063577
reach-wall-v2,70000,7,2.723067555638134
reach-wall-v2,70000,8,2.73842591895514
reach-wall-v2,70000,9,2.745699116897098
reach-wall-v2,75000,0,2.9240050782862443
reach-wall-v2,75000,1,2.934106845566093
reach-wall-v2,75000,2,2.925507430901996
reach-wall-v2,75000,3,2.938051750540987
reach-wall-v2,75000,4,2.931545544594243
reach-wall-v2,75000,5,2.923528104607861
reach-wall-v2,75000,6,2.9152008587717315
reach-wall-v2,75000,7,2.9241998224720067
reach-wall-v2,75000,8,2.93799041916072
reach-wall-v2,75000,9,2.924422296729964
reach-wall-v2,80000,0,3.081651096012898
reach-wall-v2,80000,1,3.083051588735612
reach-wall-v2,80000,2,3.1006381670070504
reach-wall-v2,80000,3,3.0846302088661703
reach-wall-v2,80000,4,3.0933342305301896
reach-wall-v2,80000,5,3.0751705915221645
reach-wall-v2,80000,6,3.092035348492401
reach-wall-v2,80000,7,3.09710625431836
reach-wall-v2,80000,8,3.090909086541464
reach-wall-v2,80000,9,3.085900634809984
reach-wall-v2,85000,0,3.276244677156992
reach-wall-v2,85000,1,3.281814164380146
reach-wall-v2,85000,2,3.301015221521789
reach-wall-v2,85000,3,3.284351613923304
reach-wall-v2,85000,4,3.2945469775146483
reach-wall-v2,85000,5,3.287723587467957
reach-wall-v2,85000,6,3.3019111971673225
reach-wall-v2,85000,7,3.286693076316679
reach-wall-v2,85000,8,3.286989942589706
reach-wall-v2,85000,9,3.283728419870485
reach-wall-v2,90000,0,3.4309257623078784
reach-wall-v2,90000,1,3.4544061979586864
reach-wall-v2,90000,2,3.448899703593946
reach-wall-v2,90000,3,3.465395042396009
reach-wall-v2,90000,4,3.4471592682270207
reach-wall-v2,90000,5,3.4594673158798144
reach-wall-v2,90000,6,3.4462535179773046
reach-wall-v2,90000,7,3.453971520725746
reach-wall-v2,90000,8,3.424208604659366
reach-wall-v2,90000,9,3.440002928329011
reach-wall-v2,95000,0,3.6124180450371295
reach-wall-v2,95000,1,3.622710751112901
reach-wall-v2,95000,2,3.610323210842109
reach-wall-v2,95000,3,3.603344591177817
reach-wall-v2,95000,4,3.5917005899003738
reach-wall-v2,95000,5,3.610310186035751
reach-wall-v2,95000,6,3.61587582386878
reach-wall-v2,95000,7,3.612665696262407
reach-wall-v2,95000,8,3.620999859430039
reach-wall-v2,95000,9,3.5960198920367987
reach-wall-v2,100000,0,3.787531501395744
reach-wall-v2,100000,1,3.8096970162312473
reach-wall-v2,100000,2,3.811416686620485
reach-wall-v2,100000,3,3.7971296525214697
reach-wall-v2,100000,4,3.77816266019227
reach-wall-v2,100000,5,3.8120018897035273
reach-wall-v2,100000,6,3.792732138719959
reach-wall-v2,100000,7,3.7893121923781448
reach-wall-v2,100000,8,3.803116933873657
reach-wall-v2,100000,9,3.7975966163144648
